2025-04-18T11:11:55.044+02:00  INFO 29396 --- [Gymz] [restartedMain] com.example.demo.Demo4Application        : Starting Demo4Application using Java 23.0.1 with PID 29396 (C:\Users\Wathek Mth\Desktop\Nouveau dossier (15)\Gymz\target\classes started by Wathek Mth in C:\Users\Wathek Mth\Desktop\Nouveau dossier (15)\Gymz)
2025-04-18T11:11:55.076+02:00 DEBUG 29396 --- [Gymz] [restartedMain] com.example.demo.Demo4Application        : Running with Spring Boot v3.2.4, Spring v6.1.5
2025-04-18T11:11:55.086+02:00  INFO 29396 --- [Gymz] [restartedMain] com.example.demo.Demo4Application        : The following 1 profile is active: "dev"
2025-04-18T11:11:55.226+02:00  INFO 29396 --- [Gymz] [restartedMain] .e.DevToolsPropertyDefaultsPostProcessor : Devtools property defaults active! Set 'spring.devtools.add-properties' to 'false' to disable
2025-04-18T11:11:55.228+02:00  INFO 29396 --- [Gymz] [restartedMain] .e.DevToolsPropertyDefaultsPostProcessor : For additional web related logging consider setting the 'logging.level.web' property to 'DEBUG'
2025-04-18T11:11:56.997+02:00  INFO 29396 --- [Gymz] [restartedMain] .s.d.r.c.RepositoryConfigurationDelegate : Bootstrapping Spring Data JPA repositories in DEFAULT mode.
2025-04-18T11:11:57.138+02:00  INFO 29396 --- [Gymz] [restartedMain] .s.d.r.c.RepositoryConfigurationDelegate : Finished Spring Data repository scanning in 128 ms. Found 15 JPA repository interfaces.
2025-04-18T11:11:58.352+02:00  INFO 29396 --- [Gymz] [restartedMain] o.s.b.w.embedded.tomcat.TomcatWebServer  : Tomcat initialized with port 8082 (http)
2025-04-18T11:11:58.373+02:00  INFO 29396 --- [Gymz] [restartedMain] o.apache.catalina.core.StandardService   : Starting service [Tomcat]
2025-04-18T11:11:58.374+02:00  INFO 29396 --- [Gymz] [restartedMain] o.apache.catalina.core.StandardEngine    : Starting Servlet engine: [Apache Tomcat/10.1.19]
2025-04-18T11:11:58.516+02:00  INFO 29396 --- [Gymz] [restartedMain] o.a.c.c.C.[Tomcat].[localhost].[/]       : Initializing Spring embedded WebApplicationContext
2025-04-18T11:11:58.519+02:00  INFO 29396 --- [Gymz] [restartedMain] w.s.c.ServletWebServerApplicationContext : Root WebApplicationContext: initialization completed in 3289 ms
2025-04-18T11:11:58.874+02:00 DEBUG 29396 --- [Gymz] [restartedMain] j.LocalContainerEntityManagerFactoryBean : Building JPA container EntityManagerFactory for persistence unit 'default'
2025-04-18T11:11:58.908+02:00  INFO 29396 --- [Gymz] [restartedMain] o.hibernate.jpa.internal.util.LogHelper  : HHH000204: Processing PersistenceUnitInfo [name: default]
2025-04-18T11:11:59.034+02:00  INFO 29396 --- [Gymz] [restartedMain] org.hibernate.Version                    : HHH000412: Hibernate ORM core version 6.4.4.Final
2025-04-18T11:11:59.141+02:00  INFO 29396 --- [Gymz] [restartedMain] o.h.c.internal.RegionFactoryInitiator    : HHH000026: Second-level cache disabled
2025-04-18T11:11:59.695+02:00  INFO 29396 --- [Gymz] [restartedMain] o.s.o.j.p.SpringPersistenceUnitInfo      : No LoadTimeWeaver setup: ignoring JPA class transformer
2025-04-18T11:11:59.770+02:00  INFO 29396 --- [Gymz] [restartedMain] com.zaxxer.hikari.HikariDataSource       : HikariPool-1 - Starting...
2025-04-18T11:12:01.837+02:00 ERROR 29396 --- [Gymz] [restartedMain] com.zaxxer.hikari.pool.HikariPool        : HikariPool-1 - Exception during pool initialization.

java.sql.SQLException: Access denied for user 'root'@'172.19.0.1' (using password: NO)
	at com.mysql.cj.jdbc.exceptions.SQLError.createSQLException(SQLError.java:130) ~[mysql-connector-j-8.0.33.jar:8.0.33]
	at com.mysql.cj.jdbc.exceptions.SQLExceptionsMapping.translateException(SQLExceptionsMapping.java:122) ~[mysql-connector-j-8.0.33.jar:8.0.33]
	at com.mysql.cj.jdbc.ConnectionImpl.createNewIO(ConnectionImpl.java:825) ~[mysql-connector-j-8.0.33.jar:8.0.33]
	at com.mysql.cj.jdbc.ConnectionImpl.<init>(ConnectionImpl.java:446) ~[mysql-connector-j-8.0.33.jar:8.0.33]
	at com.mysql.cj.jdbc.ConnectionImpl.getInstance(ConnectionImpl.java:239) ~[mysql-connector-j-8.0.33.jar:8.0.33]
	at com.mysql.cj.jdbc.NonRegisteringDriver.connect(NonRegisteringDriver.java:188) ~[mysql-connector-j-8.0.33.jar:8.0.33]
	at com.zaxxer.hikari.util.DriverDataSource.getConnection(DriverDataSource.java:138) ~[HikariCP-5.0.1.jar:na]
	at com.zaxxer.hikari.pool.PoolBase.newConnection(PoolBase.java:359) ~[HikariCP-5.0.1.jar:na]
	at com.zaxxer.hikari.pool.PoolBase.newPoolEntry(PoolBase.java:201) ~[HikariCP-5.0.1.jar:na]
	at com.zaxxer.hikari.pool.HikariPool.createPoolEntry(HikariPool.java:470) ~[HikariCP-5.0.1.jar:na]
	at com.zaxxer.hikari.pool.HikariPool.checkFailFast(HikariPool.java:561) ~[HikariCP-5.0.1.jar:na]
	at com.zaxxer.hikari.pool.HikariPool.<init>(HikariPool.java:100) ~[HikariCP-5.0.1.jar:na]
	at com.zaxxer.hikari.HikariDataSource.getConnection(HikariDataSource.java:112) ~[HikariCP-5.0.1.jar:na]
	at org.hibernate.engine.jdbc.connections.internal.DatasourceConnectionProviderImpl.getConnection(DatasourceConnectionProviderImpl.java:122) ~[hibernate-core-6.4.4.Final.jar:6.4.4.Final]
	at org.hibernate.engine.jdbc.env.internal.JdbcEnvironmentInitiator$ConnectionProviderJdbcConnectionAccess.obtainConnection(JdbcEnvironmentInitiator.java:428) ~[hibernate-core-6.4.4.Final.jar:6.4.4.Final]
	at org.hibernate.resource.transaction.backend.jdbc.internal.JdbcIsolationDelegate.delegateWork(JdbcIsolationDelegate.java:61) ~[hibernate-core-6.4.4.Final.jar:6.4.4.Final]
	at org.hibernate.engine.jdbc.env.internal.JdbcEnvironmentInitiator.getJdbcEnvironmentUsingJdbcMetadata(JdbcEnvironmentInitiator.java:276) ~[hibernate-core-6.4.4.Final.jar:6.4.4.Final]
	at org.hibernate.engine.jdbc.env.internal.JdbcEnvironmentInitiator.initiateService(JdbcEnvironmentInitiator.java:107) ~[hibernate-core-6.4.4.Final.jar:6.4.4.Final]
	at org.hibernate.engine.jdbc.env.internal.JdbcEnvironmentInitiator.initiateService(JdbcEnvironmentInitiator.java:68) ~[hibernate-core-6.4.4.Final.jar:6.4.4.Final]
	at org.hibernate.boot.registry.internal.StandardServiceRegistryImpl.initiateService(StandardServiceRegistryImpl.java:130) ~[hibernate-core-6.4.4.Final.jar:6.4.4.Final]
	at org.hibernate.service.internal.AbstractServiceRegistryImpl.createService(AbstractServiceRegistryImpl.java:263) ~[hibernate-core-6.4.4.Final.jar:6.4.4.Final]
	at org.hibernate.service.internal.AbstractServiceRegistryImpl.initializeService(AbstractServiceRegistryImpl.java:238) ~[hibernate-core-6.4.4.Final.jar:6.4.4.Final]
	at org.hibernate.service.internal.AbstractServiceRegistryImpl.getService(AbstractServiceRegistryImpl.java:215) ~[hibernate-core-6.4.4.Final.jar:6.4.4.Final]
	at org.hibernate.boot.model.relational.Database.<init>(Database.java:45) ~[hibernate-core-6.4.4.Final.jar:6.4.4.Final]
	at org.hibernate.boot.internal.InFlightMetadataCollectorImpl.getDatabase(InFlightMetadataCollectorImpl.java:223) ~[hibernate-core-6.4.4.Final.jar:6.4.4.Final]
	at org.hibernate.boot.internal.InFlightMetadataCollectorImpl.<init>(InFlightMetadataCollectorImpl.java:191) ~[hibernate-core-6.4.4.Final.jar:6.4.4.Final]
	at org.hibernate.boot.model.process.spi.MetadataBuildingProcess.complete(MetadataBuildingProcess.java:170) ~[hibernate-core-6.4.4.Final.jar:6.4.4.Final]
	at org.hibernate.jpa.boot.internal.EntityManagerFactoryBuilderImpl.metadata(EntityManagerFactoryBuilderImpl.java:1432) ~[hibernate-core-6.4.4.Final.jar:6.4.4.Final]
	at org.hibernate.jpa.boot.internal.EntityManagerFactoryBuilderImpl.build(EntityManagerFactoryBuilderImpl.java:1503) ~[hibernate-core-6.4.4.Final.jar:6.4.4.Final]
	at org.springframework.orm.jpa.vendor.SpringHibernateJpaPersistenceProvider.createContainerEntityManagerFactory(SpringHibernateJpaPersistenceProvider.java:75) ~[spring-orm-6.1.5.jar:6.1.5]
	at org.springframework.orm.jpa.LocalContainerEntityManagerFactoryBean.createNativeEntityManagerFactory(LocalContainerEntityManagerFactoryBean.java:390) ~[spring-orm-6.1.5.jar:6.1.5]
	at org.springframework.orm.jpa.AbstractEntityManagerFactoryBean.buildNativeEntityManagerFactory(AbstractEntityManagerFactoryBean.java:409) ~[spring-orm-6.1.5.jar:6.1.5]
	at org.springframework.orm.jpa.AbstractEntityManagerFactoryBean.afterPropertiesSet(AbstractEntityManagerFactoryBean.java:396) ~[spring-orm-6.1.5.jar:6.1.5]
	at org.springframework.orm.jpa.LocalContainerEntityManagerFactoryBean.afterPropertiesSet(LocalContainerEntityManagerFactoryBean.java:366) ~[spring-orm-6.1.5.jar:6.1.5]
	at org.springframework.beans.factory.support.AbstractAutowireCapableBeanFactory.invokeInitMethods(AbstractAutowireCapableBeanFactory.java:1833) ~[spring-beans-6.1.5.jar:6.1.5]
	at org.springframework.beans.factory.support.AbstractAutowireCapableBeanFactory.initializeBean(AbstractAutowireCapableBeanFactory.java:1782) ~[spring-beans-6.1.5.jar:6.1.5]
	at org.springframework.beans.factory.support.AbstractAutowireCapableBeanFactory.doCreateBean(AbstractAutowireCapableBeanFactory.java:600) ~[spring-beans-6.1.5.jar:6.1.5]
	at org.springframework.beans.factory.support.AbstractAutowireCapableBeanFactory.createBean(AbstractAutowireCapableBeanFactory.java:522) ~[spring-beans-6.1.5.jar:6.1.5]
	at org.springframework.beans.factory.support.AbstractBeanFactory.lambda$doGetBean$0(AbstractBeanFactory.java:326) ~[spring-beans-6.1.5.jar:6.1.5]
	at org.springframework.beans.factory.support.DefaultSingletonBeanRegistry.getSingleton(DefaultSingletonBeanRegistry.java:234) ~[spring-beans-6.1.5.jar:6.1.5]
	at org.springframework.beans.factory.support.AbstractBeanFactory.doGetBean(AbstractBeanFactory.java:324) ~[spring-beans-6.1.5.jar:6.1.5]
	at org.springframework.beans.factory.support.AbstractBeanFactory.getBean(AbstractBeanFactory.java:200) ~[spring-beans-6.1.5.jar:6.1.5]
	at org.springframework.context.support.AbstractApplicationContext.getBean(AbstractApplicationContext.java:1234) ~[spring-context-6.1.5.jar:6.1.5]
	at org.springframework.context.support.AbstractApplicationContext.finishBeanFactoryInitialization(AbstractApplicationContext.java:952) ~[spring-context-6.1.5.jar:6.1.5]
	at org.springframework.context.support.AbstractApplicationContext.refresh(AbstractApplicationContext.java:624) ~[spring-context-6.1.5.jar:6.1.5]
	at org.springframework.boot.web.servlet.context.ServletWebServerApplicationContext.refresh(ServletWebServerApplicationContext.java:146) ~[spring-boot-3.2.4.jar:3.2.4]
	at org.springframework.boot.SpringApplication.refresh(SpringApplication.java:754) ~[spring-boot-3.2.4.jar:3.2.4]
	at org.springframework.boot.SpringApplication.refreshContext(SpringApplication.java:456) ~[spring-boot-3.2.4.jar:3.2.4]
	at org.springframework.boot.SpringApplication.run(SpringApplication.java:334) ~[spring-boot-3.2.4.jar:3.2.4]
	at org.springframework.boot.SpringApplication.run(SpringApplication.java:1354) ~[spring-boot-3.2.4.jar:3.2.4]
	at org.springframework.boot.SpringApplication.run(SpringApplication.java:1343) ~[spring-boot-3.2.4.jar:3.2.4]
	at com.example.demo.Demo4Application.main(Demo4Application.java:12) ~[classes/:na]
	at java.base/jdk.internal.reflect.DirectMethodHandleAccessor.invoke(DirectMethodHandleAccessor.java:103) ~[na:na]
	at java.base/java.lang.reflect.Method.invoke(Method.java:580) ~[na:na]
	at org.springframework.boot.devtools.restart.RestartLauncher.run(RestartLauncher.java:50) ~[spring-boot-devtools-3.2.4.jar:3.2.4]

2025-04-18T11:12:01.848+02:00  WARN 29396 --- [Gymz] [restartedMain] o.h.e.j.e.i.JdbcEnvironmentInitiator     : HHH000342: Could not obtain connection to query metadata

java.lang.NullPointerException: Cannot invoke "org.hibernate.engine.jdbc.spi.SqlExceptionHelper.convert(java.sql.SQLException, String)" because the return value of "org.hibernate.resource.transaction.backend.jdbc.internal.JdbcIsolationDelegate.sqlExceptionHelper()" is null
	at org.hibernate.resource.transaction.backend.jdbc.internal.JdbcIsolationDelegate.delegateWork(JdbcIsolationDelegate.java:116) ~[hibernate-core-6.4.4.Final.jar:6.4.4.Final]
	at org.hibernate.engine.jdbc.env.internal.JdbcEnvironmentInitiator.getJdbcEnvironmentUsingJdbcMetadata(JdbcEnvironmentInitiator.java:276) ~[hibernate-core-6.4.4.Final.jar:6.4.4.Final]
	at org.hibernate.engine.jdbc.env.internal.JdbcEnvironmentInitiator.initiateService(JdbcEnvironmentInitiator.java:107) ~[hibernate-core-6.4.4.Final.jar:6.4.4.Final]
	at org.hibernate.engine.jdbc.env.internal.JdbcEnvironmentInitiator.initiateService(JdbcEnvironmentInitiator.java:68) ~[hibernate-core-6.4.4.Final.jar:6.4.4.Final]
	at org.hibernate.boot.registry.internal.StandardServiceRegistryImpl.initiateService(StandardServiceRegistryImpl.java:130) ~[hibernate-core-6.4.4.Final.jar:6.4.4.Final]
	at org.hibernate.service.internal.AbstractServiceRegistryImpl.createService(AbstractServiceRegistryImpl.java:263) ~[hibernate-core-6.4.4.Final.jar:6.4.4.Final]
	at org.hibernate.service.internal.AbstractServiceRegistryImpl.initializeService(AbstractServiceRegistryImpl.java:238) ~[hibernate-core-6.4.4.Final.jar:6.4.4.Final]
	at org.hibernate.service.internal.AbstractServiceRegistryImpl.getService(AbstractServiceRegistryImpl.java:215) ~[hibernate-core-6.4.4.Final.jar:6.4.4.Final]
	at org.hibernate.boot.model.relational.Database.<init>(Database.java:45) ~[hibernate-core-6.4.4.Final.jar:6.4.4.Final]
	at org.hibernate.boot.internal.InFlightMetadataCollectorImpl.getDatabase(InFlightMetadataCollectorImpl.java:223) ~[hibernate-core-6.4.4.Final.jar:6.4.4.Final]
	at org.hibernate.boot.internal.InFlightMetadataCollectorImpl.<init>(InFlightMetadataCollectorImpl.java:191) ~[hibernate-core-6.4.4.Final.jar:6.4.4.Final]
	at org.hibernate.boot.model.process.spi.MetadataBuildingProcess.complete(MetadataBuildingProcess.java:170) ~[hibernate-core-6.4.4.Final.jar:6.4.4.Final]
	at org.hibernate.jpa.boot.internal.EntityManagerFactoryBuilderImpl.metadata(EntityManagerFactoryBuilderImpl.java:1432) ~[hibernate-core-6.4.4.Final.jar:6.4.4.Final]
	at org.hibernate.jpa.boot.internal.EntityManagerFactoryBuilderImpl.build(EntityManagerFactoryBuilderImpl.java:1503) ~[hibernate-core-6.4.4.Final.jar:6.4.4.Final]
	at org.springframework.orm.jpa.vendor.SpringHibernateJpaPersistenceProvider.createContainerEntityManagerFactory(SpringHibernateJpaPersistenceProvider.java:75) ~[spring-orm-6.1.5.jar:6.1.5]
	at org.springframework.orm.jpa.LocalContainerEntityManagerFactoryBean.createNativeEntityManagerFactory(LocalContainerEntityManagerFactoryBean.java:390) ~[spring-orm-6.1.5.jar:6.1.5]
	at org.springframework.orm.jpa.AbstractEntityManagerFactoryBean.buildNativeEntityManagerFactory(AbstractEntityManagerFactoryBean.java:409) ~[spring-orm-6.1.5.jar:6.1.5]
	at org.springframework.orm.jpa.AbstractEntityManagerFactoryBean.afterPropertiesSet(AbstractEntityManagerFactoryBean.java:396) ~[spring-orm-6.1.5.jar:6.1.5]
	at org.springframework.orm.jpa.LocalContainerEntityManagerFactoryBean.afterPropertiesSet(LocalContainerEntityManagerFactoryBean.java:366) ~[spring-orm-6.1.5.jar:6.1.5]
	at org.springframework.beans.factory.support.AbstractAutowireCapableBeanFactory.invokeInitMethods(AbstractAutowireCapableBeanFactory.java:1833) ~[spring-beans-6.1.5.jar:6.1.5]
	at org.springframework.beans.factory.support.AbstractAutowireCapableBeanFactory.initializeBean(AbstractAutowireCapableBeanFactory.java:1782) ~[spring-beans-6.1.5.jar:6.1.5]
	at org.springframework.beans.factory.support.AbstractAutowireCapableBeanFactory.doCreateBean(AbstractAutowireCapableBeanFactory.java:600) ~[spring-beans-6.1.5.jar:6.1.5]
	at org.springframework.beans.factory.support.AbstractAutowireCapableBeanFactory.createBean(AbstractAutowireCapableBeanFactory.java:522) ~[spring-beans-6.1.5.jar:6.1.5]
	at org.springframework.beans.factory.support.AbstractBeanFactory.lambda$doGetBean$0(AbstractBeanFactory.java:326) ~[spring-beans-6.1.5.jar:6.1.5]
	at org.springframework.beans.factory.support.DefaultSingletonBeanRegistry.getSingleton(DefaultSingletonBeanRegistry.java:234) ~[spring-beans-6.1.5.jar:6.1.5]
	at org.springframework.beans.factory.support.AbstractBeanFactory.doGetBean(AbstractBeanFactory.java:324) ~[spring-beans-6.1.5.jar:6.1.5]
	at org.springframework.beans.factory.support.AbstractBeanFactory.getBean(AbstractBeanFactory.java:200) ~[spring-beans-6.1.5.jar:6.1.5]
	at org.springframework.context.support.AbstractApplicationContext.getBean(AbstractApplicationContext.java:1234) ~[spring-context-6.1.5.jar:6.1.5]
	at org.springframework.context.support.AbstractApplicationContext.finishBeanFactoryInitialization(AbstractApplicationContext.java:952) ~[spring-context-6.1.5.jar:6.1.5]
	at org.springframework.context.support.AbstractApplicationContext.refresh(AbstractApplicationContext.java:624) ~[spring-context-6.1.5.jar:6.1.5]
	at org.springframework.boot.web.servlet.context.ServletWebServerApplicationContext.refresh(ServletWebServerApplicationContext.java:146) ~[spring-boot-3.2.4.jar:3.2.4]
	at org.springframework.boot.SpringApplication.refresh(SpringApplication.java:754) ~[spring-boot-3.2.4.jar:3.2.4]
	at org.springframework.boot.SpringApplication.refreshContext(SpringApplication.java:456) ~[spring-boot-3.2.4.jar:3.2.4]
	at org.springframework.boot.SpringApplication.run(SpringApplication.java:334) ~[spring-boot-3.2.4.jar:3.2.4]
	at org.springframework.boot.SpringApplication.run(SpringApplication.java:1354) ~[spring-boot-3.2.4.jar:3.2.4]
	at org.springframework.boot.SpringApplication.run(SpringApplication.java:1343) ~[spring-boot-3.2.4.jar:3.2.4]
	at com.example.demo.Demo4Application.main(Demo4Application.java:12) ~[classes/:na]
	at java.base/jdk.internal.reflect.DirectMethodHandleAccessor.invoke(DirectMethodHandleAccessor.java:103) ~[na:na]
	at java.base/java.lang.reflect.Method.invoke(Method.java:580) ~[na:na]
	at org.springframework.boot.devtools.restart.RestartLauncher.run(RestartLauncher.java:50) ~[spring-boot-devtools-3.2.4.jar:3.2.4]

2025-04-18T11:12:01.886+02:00  WARN 29396 --- [Gymz] [restartedMain] org.hibernate.orm.deprecation            : HHH90000025: MySQL8Dialect does not need to be specified explicitly using 'hibernate.dialect' (remove the property setting and it will be selected by default)
2025-04-18T11:12:01.888+02:00  WARN 29396 --- [Gymz] [restartedMain] org.hibernate.orm.deprecation            : HHH90000026: MySQL8Dialect has been deprecated; use org.hibernate.dialect.MySQLDialect instead
2025-04-18T11:12:04.382+02:00  INFO 29396 --- [Gymz] [restartedMain] o.h.e.t.j.p.i.JtaPlatformInitiator       : HHH000489: No JTA platform available (set 'hibernate.transaction.jta.platform' to enable JTA platform integration)
2025-04-18T11:12:04.424+02:00  INFO 29396 --- [Gymz] [restartedMain] com.zaxxer.hikari.HikariDataSource       : HikariPool-1 - Starting...
2025-04-18T11:12:05.475+02:00 ERROR 29396 --- [Gymz] [restartedMain] com.zaxxer.hikari.pool.HikariPool        : HikariPool-1 - Exception during pool initialization.

java.sql.SQLException: Access denied for user 'root'@'172.19.0.1' (using password: NO)
	at com.mysql.cj.jdbc.exceptions.SQLError.createSQLException(SQLError.java:130) ~[mysql-connector-j-8.0.33.jar:8.0.33]
	at com.mysql.cj.jdbc.exceptions.SQLExceptionsMapping.translateException(SQLExceptionsMapping.java:122) ~[mysql-connector-j-8.0.33.jar:8.0.33]
	at com.mysql.cj.jdbc.ConnectionImpl.createNewIO(ConnectionImpl.java:825) ~[mysql-connector-j-8.0.33.jar:8.0.33]
	at com.mysql.cj.jdbc.ConnectionImpl.<init>(ConnectionImpl.java:446) ~[mysql-connector-j-8.0.33.jar:8.0.33]
	at com.mysql.cj.jdbc.ConnectionImpl.getInstance(ConnectionImpl.java:239) ~[mysql-connector-j-8.0.33.jar:8.0.33]
	at com.mysql.cj.jdbc.NonRegisteringDriver.connect(NonRegisteringDriver.java:188) ~[mysql-connector-j-8.0.33.jar:8.0.33]
	at com.zaxxer.hikari.util.DriverDataSource.getConnection(DriverDataSource.java:138) ~[HikariCP-5.0.1.jar:na]
	at com.zaxxer.hikari.pool.PoolBase.newConnection(PoolBase.java:359) ~[HikariCP-5.0.1.jar:na]
	at com.zaxxer.hikari.pool.PoolBase.newPoolEntry(PoolBase.java:201) ~[HikariCP-5.0.1.jar:na]
	at com.zaxxer.hikari.pool.HikariPool.createPoolEntry(HikariPool.java:470) ~[HikariCP-5.0.1.jar:na]
	at com.zaxxer.hikari.pool.HikariPool.checkFailFast(HikariPool.java:561) ~[HikariCP-5.0.1.jar:na]
	at com.zaxxer.hikari.pool.HikariPool.<init>(HikariPool.java:100) ~[HikariCP-5.0.1.jar:na]
	at com.zaxxer.hikari.HikariDataSource.getConnection(HikariDataSource.java:112) ~[HikariCP-5.0.1.jar:na]
	at org.hibernate.engine.jdbc.connections.internal.DatasourceConnectionProviderImpl.getConnection(DatasourceConnectionProviderImpl.java:122) ~[hibernate-core-6.4.4.Final.jar:6.4.4.Final]
	at org.hibernate.engine.jdbc.env.internal.JdbcEnvironmentInitiator$ConnectionProviderJdbcConnectionAccess.obtainConnection(JdbcEnvironmentInitiator.java:428) ~[hibernate-core-6.4.4.Final.jar:6.4.4.Final]
	at org.hibernate.resource.transaction.backend.jdbc.internal.DdlTransactionIsolatorNonJtaImpl.getIsolatedConnection(DdlTransactionIsolatorNonJtaImpl.java:46) ~[hibernate-core-6.4.4.Final.jar:6.4.4.Final]
	at org.hibernate.resource.transaction.backend.jdbc.internal.DdlTransactionIsolatorNonJtaImpl.getIsolatedConnection(DdlTransactionIsolatorNonJtaImpl.java:39) ~[hibernate-core-6.4.4.Final.jar:6.4.4.Final]
	at org.hibernate.tool.schema.internal.exec.ImprovedExtractionContextImpl.getJdbcConnection(ImprovedExtractionContextImpl.java:63) ~[hibernate-core-6.4.4.Final.jar:6.4.4.Final]
	at org.hibernate.tool.schema.internal.exec.ImprovedExtractionContextImpl.getJdbcDatabaseMetaData(ImprovedExtractionContextImpl.java:70) ~[hibernate-core-6.4.4.Final.jar:6.4.4.Final]
	at org.hibernate.tool.schema.extract.internal.InformationExtractorJdbcDatabaseMetaDataImpl.processTableResultSet(InformationExtractorJdbcDatabaseMetaDataImpl.java:64) ~[hibernate-core-6.4.4.Final.jar:6.4.4.Final]
	at org.hibernate.tool.schema.extract.internal.AbstractInformationExtractorImpl.getTables(AbstractInformationExtractorImpl.java:570) ~[hibernate-core-6.4.4.Final.jar:6.4.4.Final]
	at org.hibernate.tool.schema.extract.internal.DatabaseInformationImpl.getTablesInformation(DatabaseInformationImpl.java:122) ~[hibernate-core-6.4.4.Final.jar:6.4.4.Final]
	at org.hibernate.tool.schema.internal.GroupedSchemaMigratorImpl.performTablesMigration(GroupedSchemaMigratorImpl.java:72) ~[hibernate-core-6.4.4.Final.jar:6.4.4.Final]
	at org.hibernate.tool.schema.internal.AbstractSchemaMigrator.performMigration(AbstractSchemaMigrator.java:232) ~[hibernate-core-6.4.4.Final.jar:6.4.4.Final]
	at org.hibernate.tool.schema.internal.AbstractSchemaMigrator.doMigration(AbstractSchemaMigrator.java:117) ~[hibernate-core-6.4.4.Final.jar:6.4.4.Final]
	at org.hibernate.tool.schema.spi.SchemaManagementToolCoordinator.performDatabaseAction(SchemaManagementToolCoordinator.java:286) ~[hibernate-core-6.4.4.Final.jar:6.4.4.Final]
	at org.hibernate.tool.schema.spi.SchemaManagementToolCoordinator.lambda$process$5(SchemaManagementToolCoordinator.java:145) ~[hibernate-core-6.4.4.Final.jar:6.4.4.Final]
	at java.base/java.util.HashMap.forEach(HashMap.java:1430) ~[na:na]
	at org.hibernate.tool.schema.spi.SchemaManagementToolCoordinator.process(SchemaManagementToolCoordinator.java:142) ~[hibernate-core-6.4.4.Final.jar:6.4.4.Final]
	at org.hibernate.boot.internal.SessionFactoryObserverForSchemaExport.sessionFactoryCreated(SessionFactoryObserverForSchemaExport.java:37) ~[hibernate-core-6.4.4.Final.jar:6.4.4.Final]
	at org.hibernate.internal.SessionFactoryObserverChain.sessionFactoryCreated(SessionFactoryObserverChain.java:35) ~[hibernate-core-6.4.4.Final.jar:6.4.4.Final]
	at org.hibernate.internal.SessionFactoryImpl.<init>(SessionFactoryImpl.java:315) ~[hibernate-core-6.4.4.Final.jar:6.4.4.Final]
	at org.hibernate.boot.internal.SessionFactoryBuilderImpl.build(SessionFactoryBuilderImpl.java:450) ~[hibernate-core-6.4.4.Final.jar:6.4.4.Final]
	at org.hibernate.jpa.boot.internal.EntityManagerFactoryBuilderImpl.build(EntityManagerFactoryBuilderImpl.java:1507) ~[hibernate-core-6.4.4.Final.jar:6.4.4.Final]
	at org.springframework.orm.jpa.vendor.SpringHibernateJpaPersistenceProvider.createContainerEntityManagerFactory(SpringHibernateJpaPersistenceProvider.java:75) ~[spring-orm-6.1.5.jar:6.1.5]
	at org.springframework.orm.jpa.LocalContainerEntityManagerFactoryBean.createNativeEntityManagerFactory(LocalContainerEntityManagerFactoryBean.java:390) ~[spring-orm-6.1.5.jar:6.1.5]
	at org.springframework.orm.jpa.AbstractEntityManagerFactoryBean.buildNativeEntityManagerFactory(AbstractEntityManagerFactoryBean.java:409) ~[spring-orm-6.1.5.jar:6.1.5]
	at org.springframework.orm.jpa.AbstractEntityManagerFactoryBean.afterPropertiesSet(AbstractEntityManagerFactoryBean.java:396) ~[spring-orm-6.1.5.jar:6.1.5]
	at org.springframework.orm.jpa.LocalContainerEntityManagerFactoryBean.afterPropertiesSet(LocalContainerEntityManagerFactoryBean.java:366) ~[spring-orm-6.1.5.jar:6.1.5]
	at org.springframework.beans.factory.support.AbstractAutowireCapableBeanFactory.invokeInitMethods(AbstractAutowireCapableBeanFactory.java:1833) ~[spring-beans-6.1.5.jar:6.1.5]
	at org.springframework.beans.factory.support.AbstractAutowireCapableBeanFactory.initializeBean(AbstractAutowireCapableBeanFactory.java:1782) ~[spring-beans-6.1.5.jar:6.1.5]
	at org.springframework.beans.factory.support.AbstractAutowireCapableBeanFactory.doCreateBean(AbstractAutowireCapableBeanFactory.java:600) ~[spring-beans-6.1.5.jar:6.1.5]
	at org.springframework.beans.factory.support.AbstractAutowireCapableBeanFactory.createBean(AbstractAutowireCapableBeanFactory.java:522) ~[spring-beans-6.1.5.jar:6.1.5]
	at org.springframework.beans.factory.support.AbstractBeanFactory.lambda$doGetBean$0(AbstractBeanFactory.java:326) ~[spring-beans-6.1.5.jar:6.1.5]
	at org.springframework.beans.factory.support.DefaultSingletonBeanRegistry.getSingleton(DefaultSingletonBeanRegistry.java:234) ~[spring-beans-6.1.5.jar:6.1.5]
	at org.springframework.beans.factory.support.AbstractBeanFactory.doGetBean(AbstractBeanFactory.java:324) ~[spring-beans-6.1.5.jar:6.1.5]
	at org.springframework.beans.factory.support.AbstractBeanFactory.getBean(AbstractBeanFactory.java:200) ~[spring-beans-6.1.5.jar:6.1.5]
	at org.springframework.context.support.AbstractApplicationContext.getBean(AbstractApplicationContext.java:1234) ~[spring-context-6.1.5.jar:6.1.5]
	at org.springframework.context.support.AbstractApplicationContext.finishBeanFactoryInitialization(AbstractApplicationContext.java:952) ~[spring-context-6.1.5.jar:6.1.5]
	at org.springframework.context.support.AbstractApplicationContext.refresh(AbstractApplicationContext.java:624) ~[spring-context-6.1.5.jar:6.1.5]
	at org.springframework.boot.web.servlet.context.ServletWebServerApplicationContext.refresh(ServletWebServerApplicationContext.java:146) ~[spring-boot-3.2.4.jar:3.2.4]
	at org.springframework.boot.SpringApplication.refresh(SpringApplication.java:754) ~[spring-boot-3.2.4.jar:3.2.4]
	at org.springframework.boot.SpringApplication.refreshContext(SpringApplication.java:456) ~[spring-boot-3.2.4.jar:3.2.4]
	at org.springframework.boot.SpringApplication.run(SpringApplication.java:334) ~[spring-boot-3.2.4.jar:3.2.4]
	at org.springframework.boot.SpringApplication.run(SpringApplication.java:1354) ~[spring-boot-3.2.4.jar:3.2.4]
	at org.springframework.boot.SpringApplication.run(SpringApplication.java:1343) ~[spring-boot-3.2.4.jar:3.2.4]
	at com.example.demo.Demo4Application.main(Demo4Application.java:12) ~[classes/:na]
	at java.base/jdk.internal.reflect.DirectMethodHandleAccessor.invoke(DirectMethodHandleAccessor.java:103) ~[na:na]
	at java.base/java.lang.reflect.Method.invoke(Method.java:580) ~[na:na]
	at org.springframework.boot.devtools.restart.RestartLauncher.run(RestartLauncher.java:50) ~[spring-boot-devtools-3.2.4.jar:3.2.4]

2025-04-18T11:12:05.477+02:00  WARN 29396 --- [Gymz] [restartedMain] o.h.engine.jdbc.spi.SqlExceptionHelper   : SQL Error: 1045, SQLState: 28000
2025-04-18T11:12:05.477+02:00 ERROR 29396 --- [Gymz] [restartedMain] o.h.engine.jdbc.spi.SqlExceptionHelper   : Access denied for user 'root'@'172.19.0.1' (using password: NO)
2025-04-18T11:12:05.646+02:00 ERROR 29396 --- [Gymz] [restartedMain] j.LocalContainerEntityManagerFactoryBean : Failed to initialize JPA EntityManagerFactory: [PersistenceUnit: default] Unable to build Hibernate SessionFactory; nested exception is org.hibernate.exception.GenericJDBCException: Unable to open JDBC Connection for DDL execution [Access denied for user 'root'@'172.19.0.1' (using password: NO)] [n/a]
2025-04-18T11:12:05.646+02:00  WARN 29396 --- [Gymz] [restartedMain] ConfigServletWebServerApplicationContext : Exception encountered during context initialization - cancelling refresh attempt: org.springframework.beans.factory.BeanCreationException: Error creating bean with name 'entityManagerFactory' defined in class path resource [org/springframework/boot/autoconfigure/orm/jpa/HibernateJpaConfiguration.class]: [PersistenceUnit: default] Unable to build Hibernate SessionFactory; nested exception is org.hibernate.exception.GenericJDBCException: Unable to open JDBC Connection for DDL execution [Access denied for user 'root'@'172.19.0.1' (using password: NO)] [n/a]
2025-04-18T11:12:05.650+02:00  INFO 29396 --- [Gymz] [restartedMain] o.apache.catalina.core.StandardService   : Stopping service [Tomcat]
2025-04-18T11:12:05.813+02:00  INFO 29396 --- [Gymz] [restartedMain] .s.b.a.l.ConditionEvaluationReportLogger : 

Error starting ApplicationContext. To display the condition evaluation report re-run your application with 'debug' enabled.
2025-04-18T11:12:06.039+02:00 ERROR 29396 --- [Gymz] [restartedMain] o.s.boot.SpringApplication               : Application run failed

org.springframework.beans.factory.BeanCreationException: Error creating bean with name 'entityManagerFactory' defined in class path resource [org/springframework/boot/autoconfigure/orm/jpa/HibernateJpaConfiguration.class]: [PersistenceUnit: default] Unable to build Hibernate SessionFactory; nested exception is org.hibernate.exception.GenericJDBCException: Unable to open JDBC Connection for DDL execution [Access denied for user 'root'@'172.19.0.1' (using password: NO)] [n/a]
	at org.springframework.beans.factory.support.AbstractAutowireCapableBeanFactory.initializeBean(AbstractAutowireCapableBeanFactory.java:1786) ~[spring-beans-6.1.5.jar:6.1.5]
	at org.springframework.beans.factory.support.AbstractAutowireCapableBeanFactory.doCreateBean(AbstractAutowireCapableBeanFactory.java:600) ~[spring-beans-6.1.5.jar:6.1.5]
	at org.springframework.beans.factory.support.AbstractAutowireCapableBeanFactory.createBean(AbstractAutowireCapableBeanFactory.java:522) ~[spring-beans-6.1.5.jar:6.1.5]
	at org.springframework.beans.factory.support.AbstractBeanFactory.lambda$doGetBean$0(AbstractBeanFactory.java:326) ~[spring-beans-6.1.5.jar:6.1.5]
	at org.springframework.beans.factory.support.DefaultSingletonBeanRegistry.getSingleton(DefaultSingletonBeanRegistry.java:234) ~[spring-beans-6.1.5.jar:6.1.5]
	at org.springframework.beans.factory.support.AbstractBeanFactory.doGetBean(AbstractBeanFactory.java:324) ~[spring-beans-6.1.5.jar:6.1.5]
	at org.springframework.beans.factory.support.AbstractBeanFactory.getBean(AbstractBeanFactory.java:200) ~[spring-beans-6.1.5.jar:6.1.5]
	at org.springframework.context.support.AbstractApplicationContext.getBean(AbstractApplicationContext.java:1234) ~[spring-context-6.1.5.jar:6.1.5]
	at org.springframework.context.support.AbstractApplicationContext.finishBeanFactoryInitialization(AbstractApplicationContext.java:952) ~[spring-context-6.1.5.jar:6.1.5]
	at org.springframework.context.support.AbstractApplicationContext.refresh(AbstractApplicationContext.java:624) ~[spring-context-6.1.5.jar:6.1.5]
	at org.springframework.boot.web.servlet.context.ServletWebServerApplicationContext.refresh(ServletWebServerApplicationContext.java:146) ~[spring-boot-3.2.4.jar:3.2.4]
	at org.springframework.boot.SpringApplication.refresh(SpringApplication.java:754) ~[spring-boot-3.2.4.jar:3.2.4]
	at org.springframework.boot.SpringApplication.refreshContext(SpringApplication.java:456) ~[spring-boot-3.2.4.jar:3.2.4]
	at org.springframework.boot.SpringApplication.run(SpringApplication.java:334) ~[spring-boot-3.2.4.jar:3.2.4]
	at org.springframework.boot.SpringApplication.run(SpringApplication.java:1354) ~[spring-boot-3.2.4.jar:3.2.4]
	at org.springframework.boot.SpringApplication.run(SpringApplication.java:1343) ~[spring-boot-3.2.4.jar:3.2.4]
	at com.example.demo.Demo4Application.main(Demo4Application.java:12) ~[classes/:na]
	at java.base/jdk.internal.reflect.DirectMethodHandleAccessor.invoke(DirectMethodHandleAccessor.java:103) ~[na:na]
	at java.base/java.lang.reflect.Method.invoke(Method.java:580) ~[na:na]
	at org.springframework.boot.devtools.restart.RestartLauncher.run(RestartLauncher.java:50) ~[spring-boot-devtools-3.2.4.jar:3.2.4]
Caused by: jakarta.persistence.PersistenceException: [PersistenceUnit: default] Unable to build Hibernate SessionFactory; nested exception is org.hibernate.exception.GenericJDBCException: Unable to open JDBC Connection for DDL execution [Access denied for user 'root'@'172.19.0.1' (using password: NO)] [n/a]
	at org.springframework.orm.jpa.AbstractEntityManagerFactoryBean.buildNativeEntityManagerFactory(AbstractEntityManagerFactoryBean.java:421) ~[spring-orm-6.1.5.jar:6.1.5]
	at org.springframework.orm.jpa.AbstractEntityManagerFactoryBean.afterPropertiesSet(AbstractEntityManagerFactoryBean.java:396) ~[spring-orm-6.1.5.jar:6.1.5]
	at org.springframework.orm.jpa.LocalContainerEntityManagerFactoryBean.afterPropertiesSet(LocalContainerEntityManagerFactoryBean.java:366) ~[spring-orm-6.1.5.jar:6.1.5]
	at org.springframework.beans.factory.support.AbstractAutowireCapableBeanFactory.invokeInitMethods(AbstractAutowireCapableBeanFactory.java:1833) ~[spring-beans-6.1.5.jar:6.1.5]
	at org.springframework.beans.factory.support.AbstractAutowireCapableBeanFactory.initializeBean(AbstractAutowireCapableBeanFactory.java:1782) ~[spring-beans-6.1.5.jar:6.1.5]
	... 19 common frames omitted
Caused by: org.hibernate.exception.GenericJDBCException: Unable to open JDBC Connection for DDL execution [Access denied for user 'root'@'172.19.0.1' (using password: NO)] [n/a]
	at org.hibernate.exception.internal.StandardSQLExceptionConverter.convert(StandardSQLExceptionConverter.java:63) ~[hibernate-core-6.4.4.Final.jar:6.4.4.Final]
	at org.hibernate.engine.jdbc.spi.SqlExceptionHelper.convert(SqlExceptionHelper.java:108) ~[hibernate-core-6.4.4.Final.jar:6.4.4.Final]
	at org.hibernate.engine.jdbc.spi.SqlExceptionHelper.convert(SqlExceptionHelper.java:94) ~[hibernate-core-6.4.4.Final.jar:6.4.4.Final]
	at org.hibernate.resource.transaction.backend.jdbc.internal.DdlTransactionIsolatorNonJtaImpl.getIsolatedConnection(DdlTransactionIsolatorNonJtaImpl.java:74) ~[hibernate-core-6.4.4.Final.jar:6.4.4.Final]
	at org.hibernate.resource.transaction.backend.jdbc.internal.DdlTransactionIsolatorNonJtaImpl.getIsolatedConnection(DdlTransactionIsolatorNonJtaImpl.java:39) ~[hibernate-core-6.4.4.Final.jar:6.4.4.Final]
	at org.hibernate.tool.schema.internal.exec.ImprovedExtractionContextImpl.getJdbcConnection(ImprovedExtractionContextImpl.java:63) ~[hibernate-core-6.4.4.Final.jar:6.4.4.Final]
	at org.hibernate.tool.schema.internal.exec.ImprovedExtractionContextImpl.getJdbcDatabaseMetaData(ImprovedExtractionContextImpl.java:70) ~[hibernate-core-6.4.4.Final.jar:6.4.4.Final]
	at org.hibernate.tool.schema.extract.internal.InformationExtractorJdbcDatabaseMetaDataImpl.processTableResultSet(InformationExtractorJdbcDatabaseMetaDataImpl.java:64) ~[hibernate-core-6.4.4.Final.jar:6.4.4.Final]
	at org.hibernate.tool.schema.extract.internal.AbstractInformationExtractorImpl.getTables(AbstractInformationExtractorImpl.java:570) ~[hibernate-core-6.4.4.Final.jar:6.4.4.Final]
	at org.hibernate.tool.schema.extract.internal.DatabaseInformationImpl.getTablesInformation(DatabaseInformationImpl.java:122) ~[hibernate-core-6.4.4.Final.jar:6.4.4.Final]
	at org.hibernate.tool.schema.internal.GroupedSchemaMigratorImpl.performTablesMigration(GroupedSchemaMigratorImpl.java:72) ~[hibernate-core-6.4.4.Final.jar:6.4.4.Final]
	at org.hibernate.tool.schema.internal.AbstractSchemaMigrator.performMigration(AbstractSchemaMigrator.java:232) ~[hibernate-core-6.4.4.Final.jar:6.4.4.Final]
	at org.hibernate.tool.schema.internal.AbstractSchemaMigrator.doMigration(AbstractSchemaMigrator.java:117) ~[hibernate-core-6.4.4.Final.jar:6.4.4.Final]
	at org.hibernate.tool.schema.spi.SchemaManagementToolCoordinator.performDatabaseAction(SchemaManagementToolCoordinator.java:286) ~[hibernate-core-6.4.4.Final.jar:6.4.4.Final]
	at org.hibernate.tool.schema.spi.SchemaManagementToolCoordinator.lambda$process$5(SchemaManagementToolCoordinator.java:145) ~[hibernate-core-6.4.4.Final.jar:6.4.4.Final]
	at java.base/java.util.HashMap.forEach(HashMap.java:1430) ~[na:na]
	at org.hibernate.tool.schema.spi.SchemaManagementToolCoordinator.process(SchemaManagementToolCoordinator.java:142) ~[hibernate-core-6.4.4.Final.jar:6.4.4.Final]
	at org.hibernate.boot.internal.SessionFactoryObserverForSchemaExport.sessionFactoryCreated(SessionFactoryObserverForSchemaExport.java:37) ~[hibernate-core-6.4.4.Final.jar:6.4.4.Final]
	at org.hibernate.internal.SessionFactoryObserverChain.sessionFactoryCreated(SessionFactoryObserverChain.java:35) ~[hibernate-core-6.4.4.Final.jar:6.4.4.Final]
	at org.hibernate.internal.SessionFactoryImpl.<init>(SessionFactoryImpl.java:315) ~[hibernate-core-6.4.4.Final.jar:6.4.4.Final]
	at org.hibernate.boot.internal.SessionFactoryBuilderImpl.build(SessionFactoryBuilderImpl.java:450) ~[hibernate-core-6.4.4.Final.jar:6.4.4.Final]
	at org.hibernate.jpa.boot.internal.EntityManagerFactoryBuilderImpl.build(EntityManagerFactoryBuilderImpl.java:1507) ~[hibernate-core-6.4.4.Final.jar:6.4.4.Final]
	at org.springframework.orm.jpa.vendor.SpringHibernateJpaPersistenceProvider.createContainerEntityManagerFactory(SpringHibernateJpaPersistenceProvider.java:75) ~[spring-orm-6.1.5.jar:6.1.5]
	at org.springframework.orm.jpa.LocalContainerEntityManagerFactoryBean.createNativeEntityManagerFactory(LocalContainerEntityManagerFactoryBean.java:390) ~[spring-orm-6.1.5.jar:6.1.5]
	at org.springframework.orm.jpa.AbstractEntityManagerFactoryBean.buildNativeEntityManagerFactory(AbstractEntityManagerFactoryBean.java:409) ~[spring-orm-6.1.5.jar:6.1.5]
	... 23 common frames omitted
Caused by: java.sql.SQLException: Access denied for user 'root'@'172.19.0.1' (using password: NO)
	at com.mysql.cj.jdbc.exceptions.SQLError.createSQLException(SQLError.java:130) ~[mysql-connector-j-8.0.33.jar:8.0.33]
	at com.mysql.cj.jdbc.exceptions.SQLExceptionsMapping.translateException(SQLExceptionsMapping.java:122) ~[mysql-connector-j-8.0.33.jar:8.0.33]
	at com.mysql.cj.jdbc.ConnectionImpl.createNewIO(ConnectionImpl.java:825) ~[mysql-connector-j-8.0.33.jar:8.0.33]
	at com.mysql.cj.jdbc.ConnectionImpl.<init>(ConnectionImpl.java:446) ~[mysql-connector-j-8.0.33.jar:8.0.33]
	at com.mysql.cj.jdbc.ConnectionImpl.getInstance(ConnectionImpl.java:239) ~[mysql-connector-j-8.0.33.jar:8.0.33]
	at com.mysql.cj.jdbc.NonRegisteringDriver.connect(NonRegisteringDriver.java:188) ~[mysql-connector-j-8.0.33.jar:8.0.33]
	at com.zaxxer.hikari.util.DriverDataSource.getConnection(DriverDataSource.java:138) ~[HikariCP-5.0.1.jar:na]
	at com.zaxxer.hikari.pool.PoolBase.newConnection(PoolBase.java:359) ~[HikariCP-5.0.1.jar:na]
	at com.zaxxer.hikari.pool.PoolBase.newPoolEntry(PoolBase.java:201) ~[HikariCP-5.0.1.jar:na]
	at com.zaxxer.hikari.pool.HikariPool.createPoolEntry(HikariPool.java:470) ~[HikariCP-5.0.1.jar:na]
	at com.zaxxer.hikari.pool.HikariPool.checkFailFast(HikariPool.java:561) ~[HikariCP-5.0.1.jar:na]
	at com.zaxxer.hikari.pool.HikariPool.<init>(HikariPool.java:100) ~[HikariCP-5.0.1.jar:na]
	at com.zaxxer.hikari.HikariDataSource.getConnection(HikariDataSource.java:112) ~[HikariCP-5.0.1.jar:na]
	at org.hibernate.engine.jdbc.connections.internal.DatasourceConnectionProviderImpl.getConnection(DatasourceConnectionProviderImpl.java:122) ~[hibernate-core-6.4.4.Final.jar:6.4.4.Final]
	at org.hibernate.engine.jdbc.env.internal.JdbcEnvironmentInitiator$ConnectionProviderJdbcConnectionAccess.obtainConnection(JdbcEnvironmentInitiator.java:428) ~[hibernate-core-6.4.4.Final.jar:6.4.4.Final]
	at org.hibernate.resource.transaction.backend.jdbc.internal.DdlTransactionIsolatorNonJtaImpl.getIsolatedConnection(DdlTransactionIsolatorNonJtaImpl.java:46) ~[hibernate-core-6.4.4.Final.jar:6.4.4.Final]
	... 44 common frames omitted

2025-04-18T11:14:40.369+02:00  INFO 27124 --- [Gymz] [restartedMain] com.example.demo.Demo4Application        : Starting Demo4Application using Java 23.0.1 with PID 27124 (C:\Users\Wathek Mth\Desktop\Nouveau dossier (15)\Gymz\target\classes started by Wathek Mth in C:\Users\Wathek Mth\Desktop\Nouveau dossier (15)\Gymz)
2025-04-18T11:14:40.372+02:00 DEBUG 27124 --- [Gymz] [restartedMain] com.example.demo.Demo4Application        : Running with Spring Boot v3.2.4, Spring v6.1.5
2025-04-18T11:14:40.373+02:00  INFO 27124 --- [Gymz] [restartedMain] com.example.demo.Demo4Application        : The following 1 profile is active: "dev"
2025-04-18T11:14:40.494+02:00  INFO 27124 --- [Gymz] [restartedMain] .e.DevToolsPropertyDefaultsPostProcessor : Devtools property defaults active! Set 'spring.devtools.add-properties' to 'false' to disable
2025-04-18T11:14:40.495+02:00  INFO 27124 --- [Gymz] [restartedMain] .e.DevToolsPropertyDefaultsPostProcessor : For additional web related logging consider setting the 'logging.level.web' property to 'DEBUG'
2025-04-18T11:14:42.152+02:00  INFO 27124 --- [Gymz] [restartedMain] .s.d.r.c.RepositoryConfigurationDelegate : Bootstrapping Spring Data JPA repositories in DEFAULT mode.
2025-04-18T11:14:42.331+02:00  INFO 27124 --- [Gymz] [restartedMain] .s.d.r.c.RepositoryConfigurationDelegate : Finished Spring Data repository scanning in 164 ms. Found 15 JPA repository interfaces.
2025-04-18T11:14:43.691+02:00  INFO 27124 --- [Gymz] [restartedMain] o.s.b.w.embedded.tomcat.TomcatWebServer  : Tomcat initialized with port 8082 (http)
2025-04-18T11:14:43.714+02:00  INFO 27124 --- [Gymz] [restartedMain] o.apache.catalina.core.StandardService   : Starting service [Tomcat]
2025-04-18T11:14:43.715+02:00  INFO 27124 --- [Gymz] [restartedMain] o.apache.catalina.core.StandardEngine    : Starting Servlet engine: [Apache Tomcat/10.1.19]
2025-04-18T11:14:43.795+02:00  INFO 27124 --- [Gymz] [restartedMain] o.a.c.c.C.[Tomcat].[localhost].[/]       : Initializing Spring embedded WebApplicationContext
2025-04-18T11:14:43.796+02:00  INFO 27124 --- [Gymz] [restartedMain] w.s.c.ServletWebServerApplicationContext : Root WebApplicationContext: initialization completed in 3300 ms
2025-04-18T11:14:44.100+02:00 DEBUG 27124 --- [Gymz] [restartedMain] j.LocalContainerEntityManagerFactoryBean : Building JPA container EntityManagerFactory for persistence unit 'default'
2025-04-18T11:14:44.139+02:00  INFO 27124 --- [Gymz] [restartedMain] o.hibernate.jpa.internal.util.LogHelper  : HHH000204: Processing PersistenceUnitInfo [name: default]
2025-04-18T11:14:44.289+02:00  INFO 27124 --- [Gymz] [restartedMain] org.hibernate.Version                    : HHH000412: Hibernate ORM core version 6.4.4.Final
2025-04-18T11:14:44.384+02:00  INFO 27124 --- [Gymz] [restartedMain] o.h.c.internal.RegionFactoryInitiator    : HHH000026: Second-level cache disabled
2025-04-18T11:14:44.941+02:00  INFO 27124 --- [Gymz] [restartedMain] o.s.o.j.p.SpringPersistenceUnitInfo      : No LoadTimeWeaver setup: ignoring JPA class transformer
2025-04-18T11:14:45.005+02:00  INFO 27124 --- [Gymz] [restartedMain] com.zaxxer.hikari.HikariDataSource       : HikariPool-1 - Starting...
2025-04-18T11:14:47.073+02:00 ERROR 27124 --- [Gymz] [restartedMain] com.zaxxer.hikari.pool.HikariPool        : HikariPool-1 - Exception during pool initialization.

java.sql.SQLException: Access denied for user 'root'@'172.19.0.1' (using password: NO)
	at com.mysql.cj.jdbc.exceptions.SQLError.createSQLException(SQLError.java:130) ~[mysql-connector-j-8.0.33.jar:8.0.33]
	at com.mysql.cj.jdbc.exceptions.SQLExceptionsMapping.translateException(SQLExceptionsMapping.java:122) ~[mysql-connector-j-8.0.33.jar:8.0.33]
	at com.mysql.cj.jdbc.ConnectionImpl.createNewIO(ConnectionImpl.java:825) ~[mysql-connector-j-8.0.33.jar:8.0.33]
	at com.mysql.cj.jdbc.ConnectionImpl.<init>(ConnectionImpl.java:446) ~[mysql-connector-j-8.0.33.jar:8.0.33]
	at com.mysql.cj.jdbc.ConnectionImpl.getInstance(ConnectionImpl.java:239) ~[mysql-connector-j-8.0.33.jar:8.0.33]
	at com.mysql.cj.jdbc.NonRegisteringDriver.connect(NonRegisteringDriver.java:188) ~[mysql-connector-j-8.0.33.jar:8.0.33]
	at com.zaxxer.hikari.util.DriverDataSource.getConnection(DriverDataSource.java:138) ~[HikariCP-5.0.1.jar:na]
	at com.zaxxer.hikari.pool.PoolBase.newConnection(PoolBase.java:359) ~[HikariCP-5.0.1.jar:na]
	at com.zaxxer.hikari.pool.PoolBase.newPoolEntry(PoolBase.java:201) ~[HikariCP-5.0.1.jar:na]
	at com.zaxxer.hikari.pool.HikariPool.createPoolEntry(HikariPool.java:470) ~[HikariCP-5.0.1.jar:na]
	at com.zaxxer.hikari.pool.HikariPool.checkFailFast(HikariPool.java:561) ~[HikariCP-5.0.1.jar:na]
	at com.zaxxer.hikari.pool.HikariPool.<init>(HikariPool.java:100) ~[HikariCP-5.0.1.jar:na]
	at com.zaxxer.hikari.HikariDataSource.getConnection(HikariDataSource.java:112) ~[HikariCP-5.0.1.jar:na]
	at org.hibernate.engine.jdbc.connections.internal.DatasourceConnectionProviderImpl.getConnection(DatasourceConnectionProviderImpl.java:122) ~[hibernate-core-6.4.4.Final.jar:6.4.4.Final]
	at org.hibernate.engine.jdbc.env.internal.JdbcEnvironmentInitiator$ConnectionProviderJdbcConnectionAccess.obtainConnection(JdbcEnvironmentInitiator.java:428) ~[hibernate-core-6.4.4.Final.jar:6.4.4.Final]
	at org.hibernate.resource.transaction.backend.jdbc.internal.JdbcIsolationDelegate.delegateWork(JdbcIsolationDelegate.java:61) ~[hibernate-core-6.4.4.Final.jar:6.4.4.Final]
	at org.hibernate.engine.jdbc.env.internal.JdbcEnvironmentInitiator.getJdbcEnvironmentUsingJdbcMetadata(JdbcEnvironmentInitiator.java:276) ~[hibernate-core-6.4.4.Final.jar:6.4.4.Final]
	at org.hibernate.engine.jdbc.env.internal.JdbcEnvironmentInitiator.initiateService(JdbcEnvironmentInitiator.java:107) ~[hibernate-core-6.4.4.Final.jar:6.4.4.Final]
	at org.hibernate.engine.jdbc.env.internal.JdbcEnvironmentInitiator.initiateService(JdbcEnvironmentInitiator.java:68) ~[hibernate-core-6.4.4.Final.jar:6.4.4.Final]
	at org.hibernate.boot.registry.internal.StandardServiceRegistryImpl.initiateService(StandardServiceRegistryImpl.java:130) ~[hibernate-core-6.4.4.Final.jar:6.4.4.Final]
	at org.hibernate.service.internal.AbstractServiceRegistryImpl.createService(AbstractServiceRegistryImpl.java:263) ~[hibernate-core-6.4.4.Final.jar:6.4.4.Final]
	at org.hibernate.service.internal.AbstractServiceRegistryImpl.initializeService(AbstractServiceRegistryImpl.java:238) ~[hibernate-core-6.4.4.Final.jar:6.4.4.Final]
	at org.hibernate.service.internal.AbstractServiceRegistryImpl.getService(AbstractServiceRegistryImpl.java:215) ~[hibernate-core-6.4.4.Final.jar:6.4.4.Final]
	at org.hibernate.boot.model.relational.Database.<init>(Database.java:45) ~[hibernate-core-6.4.4.Final.jar:6.4.4.Final]
	at org.hibernate.boot.internal.InFlightMetadataCollectorImpl.getDatabase(InFlightMetadataCollectorImpl.java:223) ~[hibernate-core-6.4.4.Final.jar:6.4.4.Final]
	at org.hibernate.boot.internal.InFlightMetadataCollectorImpl.<init>(InFlightMetadataCollectorImpl.java:191) ~[hibernate-core-6.4.4.Final.jar:6.4.4.Final]
	at org.hibernate.boot.model.process.spi.MetadataBuildingProcess.complete(MetadataBuildingProcess.java:170) ~[hibernate-core-6.4.4.Final.jar:6.4.4.Final]
	at org.hibernate.jpa.boot.internal.EntityManagerFactoryBuilderImpl.metadata(EntityManagerFactoryBuilderImpl.java:1432) ~[hibernate-core-6.4.4.Final.jar:6.4.4.Final]
	at org.hibernate.jpa.boot.internal.EntityManagerFactoryBuilderImpl.build(EntityManagerFactoryBuilderImpl.java:1503) ~[hibernate-core-6.4.4.Final.jar:6.4.4.Final]
	at org.springframework.orm.jpa.vendor.SpringHibernateJpaPersistenceProvider.createContainerEntityManagerFactory(SpringHibernateJpaPersistenceProvider.java:75) ~[spring-orm-6.1.5.jar:6.1.5]
	at org.springframework.orm.jpa.LocalContainerEntityManagerFactoryBean.createNativeEntityManagerFactory(LocalContainerEntityManagerFactoryBean.java:390) ~[spring-orm-6.1.5.jar:6.1.5]
	at org.springframework.orm.jpa.AbstractEntityManagerFactoryBean.buildNativeEntityManagerFactory(AbstractEntityManagerFactoryBean.java:409) ~[spring-orm-6.1.5.jar:6.1.5]
	at org.springframework.orm.jpa.AbstractEntityManagerFactoryBean.afterPropertiesSet(AbstractEntityManagerFactoryBean.java:396) ~[spring-orm-6.1.5.jar:6.1.5]
	at org.springframework.orm.jpa.LocalContainerEntityManagerFactoryBean.afterPropertiesSet(LocalContainerEntityManagerFactoryBean.java:366) ~[spring-orm-6.1.5.jar:6.1.5]
	at org.springframework.beans.factory.support.AbstractAutowireCapableBeanFactory.invokeInitMethods(AbstractAutowireCapableBeanFactory.java:1833) ~[spring-beans-6.1.5.jar:6.1.5]
	at org.springframework.beans.factory.support.AbstractAutowireCapableBeanFactory.initializeBean(AbstractAutowireCapableBeanFactory.java:1782) ~[spring-beans-6.1.5.jar:6.1.5]
	at org.springframework.beans.factory.support.AbstractAutowireCapableBeanFactory.doCreateBean(AbstractAutowireCapableBeanFactory.java:600) ~[spring-beans-6.1.5.jar:6.1.5]
	at org.springframework.beans.factory.support.AbstractAutowireCapableBeanFactory.createBean(AbstractAutowireCapableBeanFactory.java:522) ~[spring-beans-6.1.5.jar:6.1.5]
	at org.springframework.beans.factory.support.AbstractBeanFactory.lambda$doGetBean$0(AbstractBeanFactory.java:326) ~[spring-beans-6.1.5.jar:6.1.5]
	at org.springframework.beans.factory.support.DefaultSingletonBeanRegistry.getSingleton(DefaultSingletonBeanRegistry.java:234) ~[spring-beans-6.1.5.jar:6.1.5]
	at org.springframework.beans.factory.support.AbstractBeanFactory.doGetBean(AbstractBeanFactory.java:324) ~[spring-beans-6.1.5.jar:6.1.5]
	at org.springframework.beans.factory.support.AbstractBeanFactory.getBean(AbstractBeanFactory.java:200) ~[spring-beans-6.1.5.jar:6.1.5]
	at org.springframework.context.support.AbstractApplicationContext.getBean(AbstractApplicationContext.java:1234) ~[spring-context-6.1.5.jar:6.1.5]
	at org.springframework.context.support.AbstractApplicationContext.finishBeanFactoryInitialization(AbstractApplicationContext.java:952) ~[spring-context-6.1.5.jar:6.1.5]
	at org.springframework.context.support.AbstractApplicationContext.refresh(AbstractApplicationContext.java:624) ~[spring-context-6.1.5.jar:6.1.5]
	at org.springframework.boot.web.servlet.context.ServletWebServerApplicationContext.refresh(ServletWebServerApplicationContext.java:146) ~[spring-boot-3.2.4.jar:3.2.4]
	at org.springframework.boot.SpringApplication.refresh(SpringApplication.java:754) ~[spring-boot-3.2.4.jar:3.2.4]
	at org.springframework.boot.SpringApplication.refreshContext(SpringApplication.java:456) ~[spring-boot-3.2.4.jar:3.2.4]
	at org.springframework.boot.SpringApplication.run(SpringApplication.java:334) ~[spring-boot-3.2.4.jar:3.2.4]
	at org.springframework.boot.SpringApplication.run(SpringApplication.java:1354) ~[spring-boot-3.2.4.jar:3.2.4]
	at org.springframework.boot.SpringApplication.run(SpringApplication.java:1343) ~[spring-boot-3.2.4.jar:3.2.4]
	at com.example.demo.Demo4Application.main(Demo4Application.java:12) ~[classes/:na]
	at java.base/jdk.internal.reflect.DirectMethodHandleAccessor.invoke(DirectMethodHandleAccessor.java:103) ~[na:na]
	at java.base/java.lang.reflect.Method.invoke(Method.java:580) ~[na:na]
	at org.springframework.boot.devtools.restart.RestartLauncher.run(RestartLauncher.java:50) ~[spring-boot-devtools-3.2.4.jar:3.2.4]

2025-04-18T11:14:47.604+02:00  WARN 27124 --- [Gymz] [restartedMain] o.h.e.j.e.i.JdbcEnvironmentInitiator     : HHH000342: Could not obtain connection to query metadata

java.lang.NullPointerException: Cannot invoke "org.hibernate.engine.jdbc.spi.SqlExceptionHelper.convert(java.sql.SQLException, String)" because the return value of "org.hibernate.resource.transaction.backend.jdbc.internal.JdbcIsolationDelegate.sqlExceptionHelper()" is null
	at org.hibernate.resource.transaction.backend.jdbc.internal.JdbcIsolationDelegate.delegateWork(JdbcIsolationDelegate.java:116) ~[hibernate-core-6.4.4.Final.jar:6.4.4.Final]
	at org.hibernate.engine.jdbc.env.internal.JdbcEnvironmentInitiator.getJdbcEnvironmentUsingJdbcMetadata(JdbcEnvironmentInitiator.java:276) ~[hibernate-core-6.4.4.Final.jar:6.4.4.Final]
	at org.hibernate.engine.jdbc.env.internal.JdbcEnvironmentInitiator.initiateService(JdbcEnvironmentInitiator.java:107) ~[hibernate-core-6.4.4.Final.jar:6.4.4.Final]
	at org.hibernate.engine.jdbc.env.internal.JdbcEnvironmentInitiator.initiateService(JdbcEnvironmentInitiator.java:68) ~[hibernate-core-6.4.4.Final.jar:6.4.4.Final]
	at org.hibernate.boot.registry.internal.StandardServiceRegistryImpl.initiateService(StandardServiceRegistryImpl.java:130) ~[hibernate-core-6.4.4.Final.jar:6.4.4.Final]
	at org.hibernate.service.internal.AbstractServiceRegistryImpl.createService(AbstractServiceRegistryImpl.java:263) ~[hibernate-core-6.4.4.Final.jar:6.4.4.Final]
	at org.hibernate.service.internal.AbstractServiceRegistryImpl.initializeService(AbstractServiceRegistryImpl.java:238) ~[hibernate-core-6.4.4.Final.jar:6.4.4.Final]
	at org.hibernate.service.internal.AbstractServiceRegistryImpl.getService(AbstractServiceRegistryImpl.java:215) ~[hibernate-core-6.4.4.Final.jar:6.4.4.Final]
	at org.hibernate.boot.model.relational.Database.<init>(Database.java:45) ~[hibernate-core-6.4.4.Final.jar:6.4.4.Final]
	at org.hibernate.boot.internal.InFlightMetadataCollectorImpl.getDatabase(InFlightMetadataCollectorImpl.java:223) ~[hibernate-core-6.4.4.Final.jar:6.4.4.Final]
	at org.hibernate.boot.internal.InFlightMetadataCollectorImpl.<init>(InFlightMetadataCollectorImpl.java:191) ~[hibernate-core-6.4.4.Final.jar:6.4.4.Final]
	at org.hibernate.boot.model.process.spi.MetadataBuildingProcess.complete(MetadataBuildingProcess.java:170) ~[hibernate-core-6.4.4.Final.jar:6.4.4.Final]
	at org.hibernate.jpa.boot.internal.EntityManagerFactoryBuilderImpl.metadata(EntityManagerFactoryBuilderImpl.java:1432) ~[hibernate-core-6.4.4.Final.jar:6.4.4.Final]
	at org.hibernate.jpa.boot.internal.EntityManagerFactoryBuilderImpl.build(EntityManagerFactoryBuilderImpl.java:1503) ~[hibernate-core-6.4.4.Final.jar:6.4.4.Final]
	at org.springframework.orm.jpa.vendor.SpringHibernateJpaPersistenceProvider.createContainerEntityManagerFactory(SpringHibernateJpaPersistenceProvider.java:75) ~[spring-orm-6.1.5.jar:6.1.5]
	at org.springframework.orm.jpa.LocalContainerEntityManagerFactoryBean.createNativeEntityManagerFactory(LocalContainerEntityManagerFactoryBean.java:390) ~[spring-orm-6.1.5.jar:6.1.5]
	at org.springframework.orm.jpa.AbstractEntityManagerFactoryBean.buildNativeEntityManagerFactory(AbstractEntityManagerFactoryBean.java:409) ~[spring-orm-6.1.5.jar:6.1.5]
	at org.springframework.orm.jpa.AbstractEntityManagerFactoryBean.afterPropertiesSet(AbstractEntityManagerFactoryBean.java:396) ~[spring-orm-6.1.5.jar:6.1.5]
	at org.springframework.orm.jpa.LocalContainerEntityManagerFactoryBean.afterPropertiesSet(LocalContainerEntityManagerFactoryBean.java:366) ~[spring-orm-6.1.5.jar:6.1.5]
	at org.springframework.beans.factory.support.AbstractAutowireCapableBeanFactory.invokeInitMethods(AbstractAutowireCapableBeanFactory.java:1833) ~[spring-beans-6.1.5.jar:6.1.5]
	at org.springframework.beans.factory.support.AbstractAutowireCapableBeanFactory.initializeBean(AbstractAutowireCapableBeanFactory.java:1782) ~[spring-beans-6.1.5.jar:6.1.5]
	at org.springframework.beans.factory.support.AbstractAutowireCapableBeanFactory.doCreateBean(AbstractAutowireCapableBeanFactory.java:600) ~[spring-beans-6.1.5.jar:6.1.5]
	at org.springframework.beans.factory.support.AbstractAutowireCapableBeanFactory.createBean(AbstractAutowireCapableBeanFactory.java:522) ~[spring-beans-6.1.5.jar:6.1.5]
	at org.springframework.beans.factory.support.AbstractBeanFactory.lambda$doGetBean$0(AbstractBeanFactory.java:326) ~[spring-beans-6.1.5.jar:6.1.5]
	at org.springframework.beans.factory.support.DefaultSingletonBeanRegistry.getSingleton(DefaultSingletonBeanRegistry.java:234) ~[spring-beans-6.1.5.jar:6.1.5]
	at org.springframework.beans.factory.support.AbstractBeanFactory.doGetBean(AbstractBeanFactory.java:324) ~[spring-beans-6.1.5.jar:6.1.5]
	at org.springframework.beans.factory.support.AbstractBeanFactory.getBean(AbstractBeanFactory.java:200) ~[spring-beans-6.1.5.jar:6.1.5]
	at org.springframework.context.support.AbstractApplicationContext.getBean(AbstractApplicationContext.java:1234) ~[spring-context-6.1.5.jar:6.1.5]
	at org.springframework.context.support.AbstractApplicationContext.finishBeanFactoryInitialization(AbstractApplicationContext.java:952) ~[spring-context-6.1.5.jar:6.1.5]
	at org.springframework.context.support.AbstractApplicationContext.refresh(AbstractApplicationContext.java:624) ~[spring-context-6.1.5.jar:6.1.5]
	at org.springframework.boot.web.servlet.context.ServletWebServerApplicationContext.refresh(ServletWebServerApplicationContext.java:146) ~[spring-boot-3.2.4.jar:3.2.4]
	at org.springframework.boot.SpringApplication.refresh(SpringApplication.java:754) ~[spring-boot-3.2.4.jar:3.2.4]
	at org.springframework.boot.SpringApplication.refreshContext(SpringApplication.java:456) ~[spring-boot-3.2.4.jar:3.2.4]
	at org.springframework.boot.SpringApplication.run(SpringApplication.java:334) ~[spring-boot-3.2.4.jar:3.2.4]
	at org.springframework.boot.SpringApplication.run(SpringApplication.java:1354) ~[spring-boot-3.2.4.jar:3.2.4]
	at org.springframework.boot.SpringApplication.run(SpringApplication.java:1343) ~[spring-boot-3.2.4.jar:3.2.4]
	at com.example.demo.Demo4Application.main(Demo4Application.java:12) ~[classes/:na]
	at java.base/jdk.internal.reflect.DirectMethodHandleAccessor.invoke(DirectMethodHandleAccessor.java:103) ~[na:na]
	at java.base/java.lang.reflect.Method.invoke(Method.java:580) ~[na:na]
	at org.springframework.boot.devtools.restart.RestartLauncher.run(RestartLauncher.java:50) ~[spring-boot-devtools-3.2.4.jar:3.2.4]

2025-04-18T11:14:48.018+02:00  WARN 27124 --- [Gymz] [restartedMain] org.hibernate.orm.deprecation            : HHH90000025: MySQL8Dialect does not need to be specified explicitly using 'hibernate.dialect' (remove the property setting and it will be selected by default)
2025-04-18T11:14:48.020+02:00  WARN 27124 --- [Gymz] [restartedMain] org.hibernate.orm.deprecation            : HHH90000026: MySQL8Dialect has been deprecated; use org.hibernate.dialect.MySQLDialect instead
2025-04-18T11:14:55.218+02:00  INFO 27124 --- [Gymz] [restartedMain] o.h.e.t.j.p.i.JtaPlatformInitiator       : HHH000489: No JTA platform available (set 'hibernate.transaction.jta.platform' to enable JTA platform integration)
2025-04-18T11:14:55.259+02:00  INFO 27124 --- [Gymz] [restartedMain] com.zaxxer.hikari.HikariDataSource       : HikariPool-1 - Starting...
2025-04-18T11:14:56.299+02:00 ERROR 27124 --- [Gymz] [restartedMain] com.zaxxer.hikari.pool.HikariPool        : HikariPool-1 - Exception during pool initialization.

java.sql.SQLException: Access denied for user 'root'@'172.19.0.1' (using password: NO)
	at com.mysql.cj.jdbc.exceptions.SQLError.createSQLException(SQLError.java:130) ~[mysql-connector-j-8.0.33.jar:8.0.33]
	at com.mysql.cj.jdbc.exceptions.SQLExceptionsMapping.translateException(SQLExceptionsMapping.java:122) ~[mysql-connector-j-8.0.33.jar:8.0.33]
	at com.mysql.cj.jdbc.ConnectionImpl.createNewIO(ConnectionImpl.java:825) ~[mysql-connector-j-8.0.33.jar:8.0.33]
	at com.mysql.cj.jdbc.ConnectionImpl.<init>(ConnectionImpl.java:446) ~[mysql-connector-j-8.0.33.jar:8.0.33]
	at com.mysql.cj.jdbc.ConnectionImpl.getInstance(ConnectionImpl.java:239) ~[mysql-connector-j-8.0.33.jar:8.0.33]
	at com.mysql.cj.jdbc.NonRegisteringDriver.connect(NonRegisteringDriver.java:188) ~[mysql-connector-j-8.0.33.jar:8.0.33]
	at com.zaxxer.hikari.util.DriverDataSource.getConnection(DriverDataSource.java:138) ~[HikariCP-5.0.1.jar:na]
	at com.zaxxer.hikari.pool.PoolBase.newConnection(PoolBase.java:359) ~[HikariCP-5.0.1.jar:na]
	at com.zaxxer.hikari.pool.PoolBase.newPoolEntry(PoolBase.java:201) ~[HikariCP-5.0.1.jar:na]
	at com.zaxxer.hikari.pool.HikariPool.createPoolEntry(HikariPool.java:470) ~[HikariCP-5.0.1.jar:na]
	at com.zaxxer.hikari.pool.HikariPool.checkFailFast(HikariPool.java:561) ~[HikariCP-5.0.1.jar:na]
	at com.zaxxer.hikari.pool.HikariPool.<init>(HikariPool.java:100) ~[HikariCP-5.0.1.jar:na]
	at com.zaxxer.hikari.HikariDataSource.getConnection(HikariDataSource.java:112) ~[HikariCP-5.0.1.jar:na]
	at org.hibernate.engine.jdbc.connections.internal.DatasourceConnectionProviderImpl.getConnection(DatasourceConnectionProviderImpl.java:122) ~[hibernate-core-6.4.4.Final.jar:6.4.4.Final]
	at org.hibernate.engine.jdbc.env.internal.JdbcEnvironmentInitiator$ConnectionProviderJdbcConnectionAccess.obtainConnection(JdbcEnvironmentInitiator.java:428) ~[hibernate-core-6.4.4.Final.jar:6.4.4.Final]
	at org.hibernate.resource.transaction.backend.jdbc.internal.DdlTransactionIsolatorNonJtaImpl.getIsolatedConnection(DdlTransactionIsolatorNonJtaImpl.java:46) ~[hibernate-core-6.4.4.Final.jar:6.4.4.Final]
	at org.hibernate.resource.transaction.backend.jdbc.internal.DdlTransactionIsolatorNonJtaImpl.getIsolatedConnection(DdlTransactionIsolatorNonJtaImpl.java:39) ~[hibernate-core-6.4.4.Final.jar:6.4.4.Final]
	at org.hibernate.tool.schema.internal.exec.ImprovedExtractionContextImpl.getJdbcConnection(ImprovedExtractionContextImpl.java:63) ~[hibernate-core-6.4.4.Final.jar:6.4.4.Final]
	at org.hibernate.tool.schema.internal.exec.ImprovedExtractionContextImpl.getJdbcDatabaseMetaData(ImprovedExtractionContextImpl.java:70) ~[hibernate-core-6.4.4.Final.jar:6.4.4.Final]
	at org.hibernate.tool.schema.extract.internal.InformationExtractorJdbcDatabaseMetaDataImpl.processTableResultSet(InformationExtractorJdbcDatabaseMetaDataImpl.java:64) ~[hibernate-core-6.4.4.Final.jar:6.4.4.Final]
	at org.hibernate.tool.schema.extract.internal.AbstractInformationExtractorImpl.getTables(AbstractInformationExtractorImpl.java:570) ~[hibernate-core-6.4.4.Final.jar:6.4.4.Final]
	at org.hibernate.tool.schema.extract.internal.DatabaseInformationImpl.getTablesInformation(DatabaseInformationImpl.java:122) ~[hibernate-core-6.4.4.Final.jar:6.4.4.Final]
	at org.hibernate.tool.schema.internal.GroupedSchemaMigratorImpl.performTablesMigration(GroupedSchemaMigratorImpl.java:72) ~[hibernate-core-6.4.4.Final.jar:6.4.4.Final]
	at org.hibernate.tool.schema.internal.AbstractSchemaMigrator.performMigration(AbstractSchemaMigrator.java:232) ~[hibernate-core-6.4.4.Final.jar:6.4.4.Final]
	at org.hibernate.tool.schema.internal.AbstractSchemaMigrator.doMigration(AbstractSchemaMigrator.java:117) ~[hibernate-core-6.4.4.Final.jar:6.4.4.Final]
	at org.hibernate.tool.schema.spi.SchemaManagementToolCoordinator.performDatabaseAction(SchemaManagementToolCoordinator.java:286) ~[hibernate-core-6.4.4.Final.jar:6.4.4.Final]
	at org.hibernate.tool.schema.spi.SchemaManagementToolCoordinator.lambda$process$5(SchemaManagementToolCoordinator.java:145) ~[hibernate-core-6.4.4.Final.jar:6.4.4.Final]
	at java.base/java.util.HashMap.forEach(HashMap.java:1430) ~[na:na]
	at org.hibernate.tool.schema.spi.SchemaManagementToolCoordinator.process(SchemaManagementToolCoordinator.java:142) ~[hibernate-core-6.4.4.Final.jar:6.4.4.Final]
	at org.hibernate.boot.internal.SessionFactoryObserverForSchemaExport.sessionFactoryCreated(SessionFactoryObserverForSchemaExport.java:37) ~[hibernate-core-6.4.4.Final.jar:6.4.4.Final]
	at org.hibernate.internal.SessionFactoryObserverChain.sessionFactoryCreated(SessionFactoryObserverChain.java:35) ~[hibernate-core-6.4.4.Final.jar:6.4.4.Final]
	at org.hibernate.internal.SessionFactoryImpl.<init>(SessionFactoryImpl.java:315) ~[hibernate-core-6.4.4.Final.jar:6.4.4.Final]
	at org.hibernate.boot.internal.SessionFactoryBuilderImpl.build(SessionFactoryBuilderImpl.java:450) ~[hibernate-core-6.4.4.Final.jar:6.4.4.Final]
	at org.hibernate.jpa.boot.internal.EntityManagerFactoryBuilderImpl.build(EntityManagerFactoryBuilderImpl.java:1507) ~[hibernate-core-6.4.4.Final.jar:6.4.4.Final]
	at org.springframework.orm.jpa.vendor.SpringHibernateJpaPersistenceProvider.createContainerEntityManagerFactory(SpringHibernateJpaPersistenceProvider.java:75) ~[spring-orm-6.1.5.jar:6.1.5]
	at org.springframework.orm.jpa.LocalContainerEntityManagerFactoryBean.createNativeEntityManagerFactory(LocalContainerEntityManagerFactoryBean.java:390) ~[spring-orm-6.1.5.jar:6.1.5]
	at org.springframework.orm.jpa.AbstractEntityManagerFactoryBean.buildNativeEntityManagerFactory(AbstractEntityManagerFactoryBean.java:409) ~[spring-orm-6.1.5.jar:6.1.5]
	at org.springframework.orm.jpa.AbstractEntityManagerFactoryBean.afterPropertiesSet(AbstractEntityManagerFactoryBean.java:396) ~[spring-orm-6.1.5.jar:6.1.5]
	at org.springframework.orm.jpa.LocalContainerEntityManagerFactoryBean.afterPropertiesSet(LocalContainerEntityManagerFactoryBean.java:366) ~[spring-orm-6.1.5.jar:6.1.5]
	at org.springframework.beans.factory.support.AbstractAutowireCapableBeanFactory.invokeInitMethods(AbstractAutowireCapableBeanFactory.java:1833) ~[spring-beans-6.1.5.jar:6.1.5]
	at org.springframework.beans.factory.support.AbstractAutowireCapableBeanFactory.initializeBean(AbstractAutowireCapableBeanFactory.java:1782) ~[spring-beans-6.1.5.jar:6.1.5]
	at org.springframework.beans.factory.support.AbstractAutowireCapableBeanFactory.doCreateBean(AbstractAutowireCapableBeanFactory.java:600) ~[spring-beans-6.1.5.jar:6.1.5]
	at org.springframework.beans.factory.support.AbstractAutowireCapableBeanFactory.createBean(AbstractAutowireCapableBeanFactory.java:522) ~[spring-beans-6.1.5.jar:6.1.5]
	at org.springframework.beans.factory.support.AbstractBeanFactory.lambda$doGetBean$0(AbstractBeanFactory.java:326) ~[spring-beans-6.1.5.jar:6.1.5]
	at org.springframework.beans.factory.support.DefaultSingletonBeanRegistry.getSingleton(DefaultSingletonBeanRegistry.java:234) ~[spring-beans-6.1.5.jar:6.1.5]
	at org.springframework.beans.factory.support.AbstractBeanFactory.doGetBean(AbstractBeanFactory.java:324) ~[spring-beans-6.1.5.jar:6.1.5]
	at org.springframework.beans.factory.support.AbstractBeanFactory.getBean(AbstractBeanFactory.java:200) ~[spring-beans-6.1.5.jar:6.1.5]
	at org.springframework.context.support.AbstractApplicationContext.getBean(AbstractApplicationContext.java:1234) ~[spring-context-6.1.5.jar:6.1.5]
	at org.springframework.context.support.AbstractApplicationContext.finishBeanFactoryInitialization(AbstractApplicationContext.java:952) ~[spring-context-6.1.5.jar:6.1.5]
	at org.springframework.context.support.AbstractApplicationContext.refresh(AbstractApplicationContext.java:624) ~[spring-context-6.1.5.jar:6.1.5]
	at org.springframework.boot.web.servlet.context.ServletWebServerApplicationContext.refresh(ServletWebServerApplicationContext.java:146) ~[spring-boot-3.2.4.jar:3.2.4]
	at org.springframework.boot.SpringApplication.refresh(SpringApplication.java:754) ~[spring-boot-3.2.4.jar:3.2.4]
	at org.springframework.boot.SpringApplication.refreshContext(SpringApplication.java:456) ~[spring-boot-3.2.4.jar:3.2.4]
	at org.springframework.boot.SpringApplication.run(SpringApplication.java:334) ~[spring-boot-3.2.4.jar:3.2.4]
	at org.springframework.boot.SpringApplication.run(SpringApplication.java:1354) ~[spring-boot-3.2.4.jar:3.2.4]
	at org.springframework.boot.SpringApplication.run(SpringApplication.java:1343) ~[spring-boot-3.2.4.jar:3.2.4]
	at com.example.demo.Demo4Application.main(Demo4Application.java:12) ~[classes/:na]
	at java.base/jdk.internal.reflect.DirectMethodHandleAccessor.invoke(DirectMethodHandleAccessor.java:103) ~[na:na]
	at java.base/java.lang.reflect.Method.invoke(Method.java:580) ~[na:na]
	at org.springframework.boot.devtools.restart.RestartLauncher.run(RestartLauncher.java:50) ~[spring-boot-devtools-3.2.4.jar:3.2.4]

2025-04-18T11:14:56.304+02:00  WARN 27124 --- [Gymz] [restartedMain] o.h.engine.jdbc.spi.SqlExceptionHelper   : SQL Error: 1045, SQLState: 28000
2025-04-18T11:14:56.305+02:00 ERROR 27124 --- [Gymz] [restartedMain] o.h.engine.jdbc.spi.SqlExceptionHelper   : Access denied for user 'root'@'172.19.0.1' (using password: NO)
2025-04-18T11:14:56.322+02:00 ERROR 27124 --- [Gymz] [restartedMain] j.LocalContainerEntityManagerFactoryBean : Failed to initialize JPA EntityManagerFactory: [PersistenceUnit: default] Unable to build Hibernate SessionFactory; nested exception is org.hibernate.exception.GenericJDBCException: Unable to open JDBC Connection for DDL execution [Access denied for user 'root'@'172.19.0.1' (using password: NO)] [n/a]
2025-04-18T11:14:56.324+02:00  WARN 27124 --- [Gymz] [restartedMain] ConfigServletWebServerApplicationContext : Exception encountered during context initialization - cancelling refresh attempt: org.springframework.beans.factory.BeanCreationException: Error creating bean with name 'entityManagerFactory' defined in class path resource [org/springframework/boot/autoconfigure/orm/jpa/HibernateJpaConfiguration.class]: [PersistenceUnit: default] Unable to build Hibernate SessionFactory; nested exception is org.hibernate.exception.GenericJDBCException: Unable to open JDBC Connection for DDL execution [Access denied for user 'root'@'172.19.0.1' (using password: NO)] [n/a]
2025-04-18T11:14:56.330+02:00  INFO 27124 --- [Gymz] [restartedMain] o.apache.catalina.core.StandardService   : Stopping service [Tomcat]
2025-04-18T11:14:56.356+02:00  INFO 27124 --- [Gymz] [restartedMain] .s.b.a.l.ConditionEvaluationReportLogger : 

Error starting ApplicationContext. To display the condition evaluation report re-run your application with 'debug' enabled.
2025-04-18T11:14:56.554+02:00 ERROR 27124 --- [Gymz] [restartedMain] o.s.boot.SpringApplication               : Application run failed

org.springframework.beans.factory.BeanCreationException: Error creating bean with name 'entityManagerFactory' defined in class path resource [org/springframework/boot/autoconfigure/orm/jpa/HibernateJpaConfiguration.class]: [PersistenceUnit: default] Unable to build Hibernate SessionFactory; nested exception is org.hibernate.exception.GenericJDBCException: Unable to open JDBC Connection for DDL execution [Access denied for user 'root'@'172.19.0.1' (using password: NO)] [n/a]
	at org.springframework.beans.factory.support.AbstractAutowireCapableBeanFactory.initializeBean(AbstractAutowireCapableBeanFactory.java:1786) ~[spring-beans-6.1.5.jar:6.1.5]
	at org.springframework.beans.factory.support.AbstractAutowireCapableBeanFactory.doCreateBean(AbstractAutowireCapableBeanFactory.java:600) ~[spring-beans-6.1.5.jar:6.1.5]
	at org.springframework.beans.factory.support.AbstractAutowireCapableBeanFactory.createBean(AbstractAutowireCapableBeanFactory.java:522) ~[spring-beans-6.1.5.jar:6.1.5]
	at org.springframework.beans.factory.support.AbstractBeanFactory.lambda$doGetBean$0(AbstractBeanFactory.java:326) ~[spring-beans-6.1.5.jar:6.1.5]
	at org.springframework.beans.factory.support.DefaultSingletonBeanRegistry.getSingleton(DefaultSingletonBeanRegistry.java:234) ~[spring-beans-6.1.5.jar:6.1.5]
	at org.springframework.beans.factory.support.AbstractBeanFactory.doGetBean(AbstractBeanFactory.java:324) ~[spring-beans-6.1.5.jar:6.1.5]
	at org.springframework.beans.factory.support.AbstractBeanFactory.getBean(AbstractBeanFactory.java:200) ~[spring-beans-6.1.5.jar:6.1.5]
	at org.springframework.context.support.AbstractApplicationContext.getBean(AbstractApplicationContext.java:1234) ~[spring-context-6.1.5.jar:6.1.5]
	at org.springframework.context.support.AbstractApplicationContext.finishBeanFactoryInitialization(AbstractApplicationContext.java:952) ~[spring-context-6.1.5.jar:6.1.5]
	at org.springframework.context.support.AbstractApplicationContext.refresh(AbstractApplicationContext.java:624) ~[spring-context-6.1.5.jar:6.1.5]
	at org.springframework.boot.web.servlet.context.ServletWebServerApplicationContext.refresh(ServletWebServerApplicationContext.java:146) ~[spring-boot-3.2.4.jar:3.2.4]
	at org.springframework.boot.SpringApplication.refresh(SpringApplication.java:754) ~[spring-boot-3.2.4.jar:3.2.4]
	at org.springframework.boot.SpringApplication.refreshContext(SpringApplication.java:456) ~[spring-boot-3.2.4.jar:3.2.4]
	at org.springframework.boot.SpringApplication.run(SpringApplication.java:334) ~[spring-boot-3.2.4.jar:3.2.4]
	at org.springframework.boot.SpringApplication.run(SpringApplication.java:1354) ~[spring-boot-3.2.4.jar:3.2.4]
	at org.springframework.boot.SpringApplication.run(SpringApplication.java:1343) ~[spring-boot-3.2.4.jar:3.2.4]
	at com.example.demo.Demo4Application.main(Demo4Application.java:12) ~[classes/:na]
	at java.base/jdk.internal.reflect.DirectMethodHandleAccessor.invoke(DirectMethodHandleAccessor.java:103) ~[na:na]
	at java.base/java.lang.reflect.Method.invoke(Method.java:580) ~[na:na]
	at org.springframework.boot.devtools.restart.RestartLauncher.run(RestartLauncher.java:50) ~[spring-boot-devtools-3.2.4.jar:3.2.4]
Caused by: jakarta.persistence.PersistenceException: [PersistenceUnit: default] Unable to build Hibernate SessionFactory; nested exception is org.hibernate.exception.GenericJDBCException: Unable to open JDBC Connection for DDL execution [Access denied for user 'root'@'172.19.0.1' (using password: NO)] [n/a]
	at org.springframework.orm.jpa.AbstractEntityManagerFactoryBean.buildNativeEntityManagerFactory(AbstractEntityManagerFactoryBean.java:421) ~[spring-orm-6.1.5.jar:6.1.5]
	at org.springframework.orm.jpa.AbstractEntityManagerFactoryBean.afterPropertiesSet(AbstractEntityManagerFactoryBean.java:396) ~[spring-orm-6.1.5.jar:6.1.5]
	at org.springframework.orm.jpa.LocalContainerEntityManagerFactoryBean.afterPropertiesSet(LocalContainerEntityManagerFactoryBean.java:366) ~[spring-orm-6.1.5.jar:6.1.5]
	at org.springframework.beans.factory.support.AbstractAutowireCapableBeanFactory.invokeInitMethods(AbstractAutowireCapableBeanFactory.java:1833) ~[spring-beans-6.1.5.jar:6.1.5]
	at org.springframework.beans.factory.support.AbstractAutowireCapableBeanFactory.initializeBean(AbstractAutowireCapableBeanFactory.java:1782) ~[spring-beans-6.1.5.jar:6.1.5]
	... 19 common frames omitted
Caused by: org.hibernate.exception.GenericJDBCException: Unable to open JDBC Connection for DDL execution [Access denied for user 'root'@'172.19.0.1' (using password: NO)] [n/a]
	at org.hibernate.exception.internal.StandardSQLExceptionConverter.convert(StandardSQLExceptionConverter.java:63) ~[hibernate-core-6.4.4.Final.jar:6.4.4.Final]
	at org.hibernate.engine.jdbc.spi.SqlExceptionHelper.convert(SqlExceptionHelper.java:108) ~[hibernate-core-6.4.4.Final.jar:6.4.4.Final]
	at org.hibernate.engine.jdbc.spi.SqlExceptionHelper.convert(SqlExceptionHelper.java:94) ~[hibernate-core-6.4.4.Final.jar:6.4.4.Final]
	at org.hibernate.resource.transaction.backend.jdbc.internal.DdlTransactionIsolatorNonJtaImpl.getIsolatedConnection(DdlTransactionIsolatorNonJtaImpl.java:74) ~[hibernate-core-6.4.4.Final.jar:6.4.4.Final]
	at org.hibernate.resource.transaction.backend.jdbc.internal.DdlTransactionIsolatorNonJtaImpl.getIsolatedConnection(DdlTransactionIsolatorNonJtaImpl.java:39) ~[hibernate-core-6.4.4.Final.jar:6.4.4.Final]
	at org.hibernate.tool.schema.internal.exec.ImprovedExtractionContextImpl.getJdbcConnection(ImprovedExtractionContextImpl.java:63) ~[hibernate-core-6.4.4.Final.jar:6.4.4.Final]
	at org.hibernate.tool.schema.internal.exec.ImprovedExtractionContextImpl.getJdbcDatabaseMetaData(ImprovedExtractionContextImpl.java:70) ~[hibernate-core-6.4.4.Final.jar:6.4.4.Final]
	at org.hibernate.tool.schema.extract.internal.InformationExtractorJdbcDatabaseMetaDataImpl.processTableResultSet(InformationExtractorJdbcDatabaseMetaDataImpl.java:64) ~[hibernate-core-6.4.4.Final.jar:6.4.4.Final]
	at org.hibernate.tool.schema.extract.internal.AbstractInformationExtractorImpl.getTables(AbstractInformationExtractorImpl.java:570) ~[hibernate-core-6.4.4.Final.jar:6.4.4.Final]
	at org.hibernate.tool.schema.extract.internal.DatabaseInformationImpl.getTablesInformation(DatabaseInformationImpl.java:122) ~[hibernate-core-6.4.4.Final.jar:6.4.4.Final]
	at org.hibernate.tool.schema.internal.GroupedSchemaMigratorImpl.performTablesMigration(GroupedSchemaMigratorImpl.java:72) ~[hibernate-core-6.4.4.Final.jar:6.4.4.Final]
	at org.hibernate.tool.schema.internal.AbstractSchemaMigrator.performMigration(AbstractSchemaMigrator.java:232) ~[hibernate-core-6.4.4.Final.jar:6.4.4.Final]
	at org.hibernate.tool.schema.internal.AbstractSchemaMigrator.doMigration(AbstractSchemaMigrator.java:117) ~[hibernate-core-6.4.4.Final.jar:6.4.4.Final]
	at org.hibernate.tool.schema.spi.SchemaManagementToolCoordinator.performDatabaseAction(SchemaManagementToolCoordinator.java:286) ~[hibernate-core-6.4.4.Final.jar:6.4.4.Final]
	at org.hibernate.tool.schema.spi.SchemaManagementToolCoordinator.lambda$process$5(SchemaManagementToolCoordinator.java:145) ~[hibernate-core-6.4.4.Final.jar:6.4.4.Final]
	at java.base/java.util.HashMap.forEach(HashMap.java:1430) ~[na:na]
	at org.hibernate.tool.schema.spi.SchemaManagementToolCoordinator.process(SchemaManagementToolCoordinator.java:142) ~[hibernate-core-6.4.4.Final.jar:6.4.4.Final]
	at org.hibernate.boot.internal.SessionFactoryObserverForSchemaExport.sessionFactoryCreated(SessionFactoryObserverForSchemaExport.java:37) ~[hibernate-core-6.4.4.Final.jar:6.4.4.Final]
	at org.hibernate.internal.SessionFactoryObserverChain.sessionFactoryCreated(SessionFactoryObserverChain.java:35) ~[hibernate-core-6.4.4.Final.jar:6.4.4.Final]
	at org.hibernate.internal.SessionFactoryImpl.<init>(SessionFactoryImpl.java:315) ~[hibernate-core-6.4.4.Final.jar:6.4.4.Final]
	at org.hibernate.boot.internal.SessionFactoryBuilderImpl.build(SessionFactoryBuilderImpl.java:450) ~[hibernate-core-6.4.4.Final.jar:6.4.4.Final]
	at org.hibernate.jpa.boot.internal.EntityManagerFactoryBuilderImpl.build(EntityManagerFactoryBuilderImpl.java:1507) ~[hibernate-core-6.4.4.Final.jar:6.4.4.Final]
	at org.springframework.orm.jpa.vendor.SpringHibernateJpaPersistenceProvider.createContainerEntityManagerFactory(SpringHibernateJpaPersistenceProvider.java:75) ~[spring-orm-6.1.5.jar:6.1.5]
	at org.springframework.orm.jpa.LocalContainerEntityManagerFactoryBean.createNativeEntityManagerFactory(LocalContainerEntityManagerFactoryBean.java:390) ~[spring-orm-6.1.5.jar:6.1.5]
	at org.springframework.orm.jpa.AbstractEntityManagerFactoryBean.buildNativeEntityManagerFactory(AbstractEntityManagerFactoryBean.java:409) ~[spring-orm-6.1.5.jar:6.1.5]
	... 23 common frames omitted
Caused by: java.sql.SQLException: Access denied for user 'root'@'172.19.0.1' (using password: NO)
	at com.mysql.cj.jdbc.exceptions.SQLError.createSQLException(SQLError.java:130) ~[mysql-connector-j-8.0.33.jar:8.0.33]
	at com.mysql.cj.jdbc.exceptions.SQLExceptionsMapping.translateException(SQLExceptionsMapping.java:122) ~[mysql-connector-j-8.0.33.jar:8.0.33]
	at com.mysql.cj.jdbc.ConnectionImpl.createNewIO(ConnectionImpl.java:825) ~[mysql-connector-j-8.0.33.jar:8.0.33]
	at com.mysql.cj.jdbc.ConnectionImpl.<init>(ConnectionImpl.java:446) ~[mysql-connector-j-8.0.33.jar:8.0.33]
	at com.mysql.cj.jdbc.ConnectionImpl.getInstance(ConnectionImpl.java:239) ~[mysql-connector-j-8.0.33.jar:8.0.33]
	at com.mysql.cj.jdbc.NonRegisteringDriver.connect(NonRegisteringDriver.java:188) ~[mysql-connector-j-8.0.33.jar:8.0.33]
	at com.zaxxer.hikari.util.DriverDataSource.getConnection(DriverDataSource.java:138) ~[HikariCP-5.0.1.jar:na]
	at com.zaxxer.hikari.pool.PoolBase.newConnection(PoolBase.java:359) ~[HikariCP-5.0.1.jar:na]
	at com.zaxxer.hikari.pool.PoolBase.newPoolEntry(PoolBase.java:201) ~[HikariCP-5.0.1.jar:na]
	at com.zaxxer.hikari.pool.HikariPool.createPoolEntry(HikariPool.java:470) ~[HikariCP-5.0.1.jar:na]
	at com.zaxxer.hikari.pool.HikariPool.checkFailFast(HikariPool.java:561) ~[HikariCP-5.0.1.jar:na]
	at com.zaxxer.hikari.pool.HikariPool.<init>(HikariPool.java:100) ~[HikariCP-5.0.1.jar:na]
	at com.zaxxer.hikari.HikariDataSource.getConnection(HikariDataSource.java:112) ~[HikariCP-5.0.1.jar:na]
	at org.hibernate.engine.jdbc.connections.internal.DatasourceConnectionProviderImpl.getConnection(DatasourceConnectionProviderImpl.java:122) ~[hibernate-core-6.4.4.Final.jar:6.4.4.Final]
	at org.hibernate.engine.jdbc.env.internal.JdbcEnvironmentInitiator$ConnectionProviderJdbcConnectionAccess.obtainConnection(JdbcEnvironmentInitiator.java:428) ~[hibernate-core-6.4.4.Final.jar:6.4.4.Final]
	at org.hibernate.resource.transaction.backend.jdbc.internal.DdlTransactionIsolatorNonJtaImpl.getIsolatedConnection(DdlTransactionIsolatorNonJtaImpl.java:46) ~[hibernate-core-6.4.4.Final.jar:6.4.4.Final]
	... 44 common frames omitted

2025-04-18T11:20:21.775+02:00  INFO 15300 --- [Gymz] [restartedMain] com.example.demo.Demo4Application        : Starting Demo4Application using Java 23.0.1 with PID 15300 (C:\Users\Wathek Mth\Desktop\Nouveau dossier (15)\Gymz\target\classes started by Wathek Mth in C:\Users\Wathek Mth\Desktop\Nouveau dossier (15)\Gymz)
2025-04-18T11:20:21.781+02:00 DEBUG 15300 --- [Gymz] [restartedMain] com.example.demo.Demo4Application        : Running with Spring Boot v3.2.4, Spring v6.1.5
2025-04-18T11:20:21.782+02:00  INFO 15300 --- [Gymz] [restartedMain] com.example.demo.Demo4Application        : The following 1 profile is active: "dev"
2025-04-18T11:20:21.933+02:00  INFO 15300 --- [Gymz] [restartedMain] .e.DevToolsPropertyDefaultsPostProcessor : Devtools property defaults active! Set 'spring.devtools.add-properties' to 'false' to disable
2025-04-18T11:20:21.933+02:00  INFO 15300 --- [Gymz] [restartedMain] .e.DevToolsPropertyDefaultsPostProcessor : For additional web related logging consider setting the 'logging.level.web' property to 'DEBUG'
2025-04-18T11:20:23.775+02:00  INFO 15300 --- [Gymz] [restartedMain] .s.d.r.c.RepositoryConfigurationDelegate : Bootstrapping Spring Data JPA repositories in DEFAULT mode.
2025-04-18T11:20:23.902+02:00  INFO 15300 --- [Gymz] [restartedMain] .s.d.r.c.RepositoryConfigurationDelegate : Finished Spring Data repository scanning in 115 ms. Found 15 JPA repository interfaces.
2025-04-18T11:20:24.929+02:00  INFO 15300 --- [Gymz] [restartedMain] o.s.b.w.embedded.tomcat.TomcatWebServer  : Tomcat initialized with port 8082 (http)
2025-04-18T11:20:24.944+02:00  INFO 15300 --- [Gymz] [restartedMain] o.apache.catalina.core.StandardService   : Starting service [Tomcat]
2025-04-18T11:20:24.945+02:00  INFO 15300 --- [Gymz] [restartedMain] o.apache.catalina.core.StandardEngine    : Starting Servlet engine: [Apache Tomcat/10.1.19]
2025-04-18T11:20:25.008+02:00  INFO 15300 --- [Gymz] [restartedMain] o.a.c.c.C.[Tomcat].[localhost].[/]       : Initializing Spring embedded WebApplicationContext
2025-04-18T11:20:25.008+02:00  INFO 15300 --- [Gymz] [restartedMain] w.s.c.ServletWebServerApplicationContext : Root WebApplicationContext: initialization completed in 3074 ms
2025-04-18T11:20:25.215+02:00 DEBUG 15300 --- [Gymz] [restartedMain] j.LocalContainerEntityManagerFactoryBean : Building JPA container EntityManagerFactory for persistence unit 'default'
2025-04-18T11:20:25.246+02:00  INFO 15300 --- [Gymz] [restartedMain] o.hibernate.jpa.internal.util.LogHelper  : HHH000204: Processing PersistenceUnitInfo [name: default]
2025-04-18T11:20:25.357+02:00  INFO 15300 --- [Gymz] [restartedMain] org.hibernate.Version                    : HHH000412: Hibernate ORM core version 6.4.4.Final
2025-04-18T11:20:25.409+02:00  INFO 15300 --- [Gymz] [restartedMain] o.h.c.internal.RegionFactoryInitiator    : HHH000026: Second-level cache disabled
2025-04-18T11:20:25.780+02:00  INFO 15300 --- [Gymz] [restartedMain] o.s.o.j.p.SpringPersistenceUnitInfo      : No LoadTimeWeaver setup: ignoring JPA class transformer
2025-04-18T11:20:25.820+02:00  INFO 15300 --- [Gymz] [restartedMain] com.zaxxer.hikari.HikariDataSource       : HikariPool-1 - Starting...
2025-04-18T11:20:26.040+02:00  INFO 15300 --- [Gymz] [restartedMain] com.zaxxer.hikari.pool.HikariPool        : HikariPool-1 - Added connection com.mysql.cj.jdbc.ConnectionImpl@1b4a25c1
2025-04-18T11:20:26.044+02:00  INFO 15300 --- [Gymz] [restartedMain] com.zaxxer.hikari.HikariDataSource       : HikariPool-1 - Start completed.
2025-04-18T11:20:26.080+02:00  WARN 15300 --- [Gymz] [restartedMain] org.hibernate.orm.deprecation            : HHH90000025: MySQL8Dialect does not need to be specified explicitly using 'hibernate.dialect' (remove the property setting and it will be selected by default)
2025-04-18T11:20:26.080+02:00  WARN 15300 --- [Gymz] [restartedMain] org.hibernate.orm.deprecation            : HHH90000026: MySQL8Dialect has been deprecated; use org.hibernate.dialect.MySQLDialect instead
2025-04-18T11:20:27.917+02:00  INFO 15300 --- [Gymz] [restartedMain] o.h.e.t.j.p.i.JtaPlatformInitiator       : HHH000489: No JTA platform available (set 'hibernate.transaction.jta.platform' to enable JTA platform integration)
2025-04-18T11:20:28.382+02:00  INFO 15300 --- [Gymz] [restartedMain] j.LocalContainerEntityManagerFactoryBean : Initialized JPA EntityManagerFactory for persistence unit 'default'
2025-04-18T11:20:28.543+02:00 DEBUG 15300 --- [Gymz] [restartedMain] tor$SharedEntityManagerInvocationHandler : Creating new EntityManager for shared EntityManager invocation
2025-04-18T11:20:28.599+02:00 DEBUG 15300 --- [Gymz] [restartedMain] tor$SharedEntityManagerInvocationHandler : Creating new EntityManager for shared EntityManager invocation
2025-04-18T11:20:28.774+02:00 DEBUG 15300 --- [Gymz] [restartedMain] tor$SharedEntityManagerInvocationHandler : Creating new EntityManager for shared EntityManager invocation
2025-04-18T11:20:28.885+02:00 DEBUG 15300 --- [Gymz] [restartedMain] tor$SharedEntityManagerInvocationHandler : Creating new EntityManager for shared EntityManager invocation
2025-04-18T11:20:28.985+02:00 DEBUG 15300 --- [Gymz] [restartedMain] tor$SharedEntityManagerInvocationHandler : Creating new EntityManager for shared EntityManager invocation
2025-04-18T11:20:28.989+02:00 DEBUG 15300 --- [Gymz] [restartedMain] tor$SharedEntityManagerInvocationHandler : Creating new EntityManager for shared EntityManager invocation
2025-04-18T11:20:28.994+02:00 DEBUG 15300 --- [Gymz] [restartedMain] tor$SharedEntityManagerInvocationHandler : Creating new EntityManager for shared EntityManager invocation
2025-04-18T11:20:29.002+02:00 DEBUG 15300 --- [Gymz] [restartedMain] tor$SharedEntityManagerInvocationHandler : Creating new EntityManager for shared EntityManager invocation
2025-04-18T11:20:29.016+02:00 DEBUG 15300 --- [Gymz] [restartedMain] tor$SharedEntityManagerInvocationHandler : Creating new EntityManager for shared EntityManager invocation
2025-04-18T11:20:29.021+02:00 DEBUG 15300 --- [Gymz] [restartedMain] tor$SharedEntityManagerInvocationHandler : Creating new EntityManager for shared EntityManager invocation
2025-04-18T11:20:29.054+02:00 DEBUG 15300 --- [Gymz] [restartedMain] tor$SharedEntityManagerInvocationHandler : Creating new EntityManager for shared EntityManager invocation
2025-04-18T11:20:29.057+02:00 DEBUG 15300 --- [Gymz] [restartedMain] tor$SharedEntityManagerInvocationHandler : Creating new EntityManager for shared EntityManager invocation
2025-04-18T11:20:29.058+02:00 DEBUG 15300 --- [Gymz] [restartedMain] tor$SharedEntityManagerInvocationHandler : Creating new EntityManager for shared EntityManager invocation
2025-04-18T11:20:29.074+02:00  INFO 15300 --- [Gymz] [restartedMain] o.s.d.j.r.query.QueryEnhancerFactory     : Hibernate is in classpath; If applicable, HQL parser will be used.
2025-04-18T11:20:29.315+02:00 DEBUG 15300 --- [Gymz] [restartedMain] tor$SharedEntityManagerInvocationHandler : Creating new EntityManager for shared EntityManager invocation
2025-04-18T11:20:29.614+02:00 DEBUG 15300 --- [Gymz] [restartedMain] tor$SharedEntityManagerInvocationHandler : Creating new EntityManager for shared EntityManager invocation
2025-04-18T11:20:29.616+02:00 DEBUG 15300 --- [Gymz] [restartedMain] tor$SharedEntityManagerInvocationHandler : Creating new EntityManager for shared EntityManager invocation
2025-04-18T11:20:29.617+02:00 DEBUG 15300 --- [Gymz] [restartedMain] tor$SharedEntityManagerInvocationHandler : Creating new EntityManager for shared EntityManager invocation
2025-04-18T11:20:29.679+02:00 DEBUG 15300 --- [Gymz] [restartedMain] tor$SharedEntityManagerInvocationHandler : Creating new EntityManager for shared EntityManager invocation
2025-04-18T11:20:29.680+02:00 DEBUG 15300 --- [Gymz] [restartedMain] tor$SharedEntityManagerInvocationHandler : Creating new EntityManager for shared EntityManager invocation
2025-04-18T11:20:29.697+02:00 DEBUG 15300 --- [Gymz] [restartedMain] tor$SharedEntityManagerInvocationHandler : Creating new EntityManager for shared EntityManager invocation
2025-04-18T11:20:29.699+02:00 DEBUG 15300 --- [Gymz] [restartedMain] tor$SharedEntityManagerInvocationHandler : Creating new EntityManager for shared EntityManager invocation
2025-04-18T11:20:29.701+02:00 DEBUG 15300 --- [Gymz] [restartedMain] tor$SharedEntityManagerInvocationHandler : Creating new EntityManager for shared EntityManager invocation
2025-04-18T11:20:29.714+02:00 DEBUG 15300 --- [Gymz] [restartedMain] tor$SharedEntityManagerInvocationHandler : Creating new EntityManager for shared EntityManager invocation
2025-04-18T11:20:29.718+02:00 DEBUG 15300 --- [Gymz] [restartedMain] tor$SharedEntityManagerInvocationHandler : Creating new EntityManager for shared EntityManager invocation
2025-04-18T11:20:29.753+02:00 DEBUG 15300 --- [Gymz] [restartedMain] tor$SharedEntityManagerInvocationHandler : Creating new EntityManager for shared EntityManager invocation
2025-04-18T11:20:29.764+02:00 DEBUG 15300 --- [Gymz] [restartedMain] tor$SharedEntityManagerInvocationHandler : Creating new EntityManager for shared EntityManager invocation
2025-04-18T11:20:29.765+02:00 DEBUG 15300 --- [Gymz] [restartedMain] tor$SharedEntityManagerInvocationHandler : Creating new EntityManager for shared EntityManager invocation
2025-04-18T11:20:29.783+02:00 DEBUG 15300 --- [Gymz] [restartedMain] tor$SharedEntityManagerInvocationHandler : Creating new EntityManager for shared EntityManager invocation
2025-04-18T11:20:29.855+02:00 DEBUG 15300 --- [Gymz] [restartedMain] tor$SharedEntityManagerInvocationHandler : Creating new EntityManager for shared EntityManager invocation
2025-04-18T11:20:29.857+02:00 DEBUG 15300 --- [Gymz] [restartedMain] tor$SharedEntityManagerInvocationHandler : Creating new EntityManager for shared EntityManager invocation
2025-04-18T11:20:29.861+02:00 DEBUG 15300 --- [Gymz] [restartedMain] tor$SharedEntityManagerInvocationHandler : Creating new EntityManager for shared EntityManager invocation
2025-04-18T11:20:29.886+02:00 DEBUG 15300 --- [Gymz] [restartedMain] tor$SharedEntityManagerInvocationHandler : Creating new EntityManager for shared EntityManager invocation
2025-04-18T11:20:29.888+02:00 DEBUG 15300 --- [Gymz] [restartedMain] tor$SharedEntityManagerInvocationHandler : Creating new EntityManager for shared EntityManager invocation
2025-04-18T11:20:29.921+02:00 DEBUG 15300 --- [Gymz] [restartedMain] tor$SharedEntityManagerInvocationHandler : Creating new EntityManager for shared EntityManager invocation
2025-04-18T11:20:29.924+02:00 DEBUG 15300 --- [Gymz] [restartedMain] tor$SharedEntityManagerInvocationHandler : Creating new EntityManager for shared EntityManager invocation
2025-04-18T11:20:29.927+02:00 DEBUG 15300 --- [Gymz] [restartedMain] tor$SharedEntityManagerInvocationHandler : Creating new EntityManager for shared EntityManager invocation
2025-04-18T11:20:29.931+02:00 DEBUG 15300 --- [Gymz] [restartedMain] tor$SharedEntityManagerInvocationHandler : Creating new EntityManager for shared EntityManager invocation
2025-04-18T11:20:29.933+02:00 DEBUG 15300 --- [Gymz] [restartedMain] tor$SharedEntityManagerInvocationHandler : Creating new EntityManager for shared EntityManager invocation
2025-04-18T11:20:29.934+02:00 DEBUG 15300 --- [Gymz] [restartedMain] tor$SharedEntityManagerInvocationHandler : Creating new EntityManager for shared EntityManager invocation
2025-04-18T11:20:29.936+02:00 DEBUG 15300 --- [Gymz] [restartedMain] tor$SharedEntityManagerInvocationHandler : Creating new EntityManager for shared EntityManager invocation
2025-04-18T11:20:29.958+02:00 DEBUG 15300 --- [Gymz] [restartedMain] tor$SharedEntityManagerInvocationHandler : Creating new EntityManager for shared EntityManager invocation
2025-04-18T11:20:30.052+02:00 DEBUG 15300 --- [Gymz] [restartedMain] tor$SharedEntityManagerInvocationHandler : Creating new EntityManager for shared EntityManager invocation
2025-04-18T11:20:30.054+02:00 DEBUG 15300 --- [Gymz] [restartedMain] tor$SharedEntityManagerInvocationHandler : Creating new EntityManager for shared EntityManager invocation
2025-04-18T11:20:30.118+02:00 DEBUG 15300 --- [Gymz] [restartedMain] tor$SharedEntityManagerInvocationHandler : Creating new EntityManager for shared EntityManager invocation
2025-04-18T11:20:30.121+02:00 DEBUG 15300 --- [Gymz] [restartedMain] tor$SharedEntityManagerInvocationHandler : Creating new EntityManager for shared EntityManager invocation
2025-04-18T11:20:30.123+02:00 DEBUG 15300 --- [Gymz] [restartedMain] tor$SharedEntityManagerInvocationHandler : Creating new EntityManager for shared EntityManager invocation
2025-04-18T11:20:30.130+02:00 DEBUG 15300 --- [Gymz] [restartedMain] tor$SharedEntityManagerInvocationHandler : Creating new EntityManager for shared EntityManager invocation
2025-04-18T11:20:30.132+02:00 DEBUG 15300 --- [Gymz] [restartedMain] tor$SharedEntityManagerInvocationHandler : Creating new EntityManager for shared EntityManager invocation
2025-04-18T11:20:30.135+02:00 DEBUG 15300 --- [Gymz] [restartedMain] tor$SharedEntityManagerInvocationHandler : Creating new EntityManager for shared EntityManager invocation
2025-04-18T11:20:30.150+02:00 DEBUG 15300 --- [Gymz] [restartedMain] tor$SharedEntityManagerInvocationHandler : Creating new EntityManager for shared EntityManager invocation
2025-04-18T11:20:30.151+02:00 DEBUG 15300 --- [Gymz] [restartedMain] tor$SharedEntityManagerInvocationHandler : Creating new EntityManager for shared EntityManager invocation
2025-04-18T11:20:30.197+02:00 DEBUG 15300 --- [Gymz] [restartedMain] tor$SharedEntityManagerInvocationHandler : Creating new EntityManager for shared EntityManager invocation
2025-04-18T11:20:30.199+02:00 DEBUG 15300 --- [Gymz] [restartedMain] tor$SharedEntityManagerInvocationHandler : Creating new EntityManager for shared EntityManager invocation
2025-04-18T11:20:30.202+02:00 DEBUG 15300 --- [Gymz] [restartedMain] tor$SharedEntityManagerInvocationHandler : Creating new EntityManager for shared EntityManager invocation
2025-04-18T11:20:30.203+02:00 DEBUG 15300 --- [Gymz] [restartedMain] tor$SharedEntityManagerInvocationHandler : Creating new EntityManager for shared EntityManager invocation
2025-04-18T11:20:30.205+02:00 DEBUG 15300 --- [Gymz] [restartedMain] tor$SharedEntityManagerInvocationHandler : Creating new EntityManager for shared EntityManager invocation
2025-04-18T11:20:30.219+02:00 DEBUG 15300 --- [Gymz] [restartedMain] tor$SharedEntityManagerInvocationHandler : Creating new EntityManager for shared EntityManager invocation
2025-04-18T11:20:30.220+02:00 DEBUG 15300 --- [Gymz] [restartedMain] tor$SharedEntityManagerInvocationHandler : Creating new EntityManager for shared EntityManager invocation
2025-04-18T11:20:30.263+02:00 DEBUG 15300 --- [Gymz] [restartedMain] tor$SharedEntityManagerInvocationHandler : Creating new EntityManager for shared EntityManager invocation
2025-04-18T11:20:30.265+02:00 DEBUG 15300 --- [Gymz] [restartedMain] tor$SharedEntityManagerInvocationHandler : Creating new EntityManager for shared EntityManager invocation
2025-04-18T11:20:30.266+02:00 DEBUG 15300 --- [Gymz] [restartedMain] tor$SharedEntityManagerInvocationHandler : Creating new EntityManager for shared EntityManager invocation
2025-04-18T11:20:30.268+02:00 DEBUG 15300 --- [Gymz] [restartedMain] tor$SharedEntityManagerInvocationHandler : Creating new EntityManager for shared EntityManager invocation
2025-04-18T11:20:30.269+02:00 DEBUG 15300 --- [Gymz] [restartedMain] tor$SharedEntityManagerInvocationHandler : Creating new EntityManager for shared EntityManager invocation
2025-04-18T11:20:30.270+02:00 DEBUG 15300 --- [Gymz] [restartedMain] tor$SharedEntityManagerInvocationHandler : Creating new EntityManager for shared EntityManager invocation
2025-04-18T11:20:30.272+02:00 DEBUG 15300 --- [Gymz] [restartedMain] tor$SharedEntityManagerInvocationHandler : Creating new EntityManager for shared EntityManager invocation
2025-04-18T11:20:30.273+02:00 DEBUG 15300 --- [Gymz] [restartedMain] tor$SharedEntityManagerInvocationHandler : Creating new EntityManager for shared EntityManager invocation
2025-04-18T11:20:30.274+02:00 DEBUG 15300 --- [Gymz] [restartedMain] tor$SharedEntityManagerInvocationHandler : Creating new EntityManager for shared EntityManager invocation
2025-04-18T11:20:30.276+02:00 DEBUG 15300 --- [Gymz] [restartedMain] tor$SharedEntityManagerInvocationHandler : Creating new EntityManager for shared EntityManager invocation
2025-04-18T11:20:30.328+02:00 DEBUG 15300 --- [Gymz] [restartedMain] tor$SharedEntityManagerInvocationHandler : Creating new EntityManager for shared EntityManager invocation
2025-04-18T11:20:30.353+02:00 DEBUG 15300 --- [Gymz] [restartedMain] tor$SharedEntityManagerInvocationHandler : Creating new EntityManager for shared EntityManager invocation
2025-04-18T11:20:30.399+02:00 DEBUG 15300 --- [Gymz] [restartedMain] tor$SharedEntityManagerInvocationHandler : Creating new EntityManager for shared EntityManager invocation
2025-04-18T11:20:30.402+02:00 DEBUG 15300 --- [Gymz] [restartedMain] tor$SharedEntityManagerInvocationHandler : Creating new EntityManager for shared EntityManager invocation
2025-04-18T11:20:30.419+02:00 DEBUG 15300 --- [Gymz] [restartedMain] tor$SharedEntityManagerInvocationHandler : Creating new EntityManager for shared EntityManager invocation
2025-04-18T11:20:30.427+02:00 DEBUG 15300 --- [Gymz] [restartedMain] tor$SharedEntityManagerInvocationHandler : Creating new EntityManager for shared EntityManager invocation
2025-04-18T11:20:30.470+02:00 DEBUG 15300 --- [Gymz] [restartedMain] tor$SharedEntityManagerInvocationHandler : Creating new EntityManager for shared EntityManager invocation
2025-04-18T11:20:30.472+02:00 DEBUG 15300 --- [Gymz] [restartedMain] tor$SharedEntityManagerInvocationHandler : Creating new EntityManager for shared EntityManager invocation
2025-04-18T11:20:30.474+02:00 DEBUG 15300 --- [Gymz] [restartedMain] tor$SharedEntityManagerInvocationHandler : Creating new EntityManager for shared EntityManager invocation
2025-04-18T11:20:30.505+02:00 DEBUG 15300 --- [Gymz] [restartedMain] tor$SharedEntityManagerInvocationHandler : Creating new EntityManager for shared EntityManager invocation
2025-04-18T11:20:30.510+02:00 DEBUG 15300 --- [Gymz] [restartedMain] tor$SharedEntityManagerInvocationHandler : Creating new EntityManager for shared EntityManager invocation
2025-04-18T11:20:30.563+02:00 DEBUG 15300 --- [Gymz] [restartedMain] tor$SharedEntityManagerInvocationHandler : Creating new EntityManager for shared EntityManager invocation
2025-04-18T11:20:30.566+02:00 DEBUG 15300 --- [Gymz] [restartedMain] tor$SharedEntityManagerInvocationHandler : Creating new EntityManager for shared EntityManager invocation
2025-04-18T11:20:30.568+02:00 DEBUG 15300 --- [Gymz] [restartedMain] tor$SharedEntityManagerInvocationHandler : Creating new EntityManager for shared EntityManager invocation
2025-04-18T11:20:30.571+02:00 DEBUG 15300 --- [Gymz] [restartedMain] tor$SharedEntityManagerInvocationHandler : Creating new EntityManager for shared EntityManager invocation
2025-04-18T11:20:30.574+02:00 DEBUG 15300 --- [Gymz] [restartedMain] tor$SharedEntityManagerInvocationHandler : Creating new EntityManager for shared EntityManager invocation
2025-04-18T11:20:30.614+02:00 DEBUG 15300 --- [Gymz] [restartedMain] tor$SharedEntityManagerInvocationHandler : Creating new EntityManager for shared EntityManager invocation
2025-04-18T11:20:30.621+02:00 DEBUG 15300 --- [Gymz] [restartedMain] tor$SharedEntityManagerInvocationHandler : Creating new EntityManager for shared EntityManager invocation
2025-04-18T11:20:30.659+02:00 DEBUG 15300 --- [Gymz] [restartedMain] tor$SharedEntityManagerInvocationHandler : Creating new EntityManager for shared EntityManager invocation
2025-04-18T11:20:30.692+02:00 DEBUG 15300 --- [Gymz] [restartedMain] tor$SharedEntityManagerInvocationHandler : Creating new EntityManager for shared EntityManager invocation
2025-04-18T11:20:30.705+02:00 DEBUG 15300 --- [Gymz] [restartedMain] tor$SharedEntityManagerInvocationHandler : Creating new EntityManager for shared EntityManager invocation
2025-04-18T11:20:30.735+02:00 DEBUG 15300 --- [Gymz] [restartedMain] tor$SharedEntityManagerInvocationHandler : Creating new EntityManager for shared EntityManager invocation
2025-04-18T11:20:30.745+02:00 DEBUG 15300 --- [Gymz] [restartedMain] tor$SharedEntityManagerInvocationHandler : Creating new EntityManager for shared EntityManager invocation
2025-04-18T11:20:30.778+02:00 DEBUG 15300 --- [Gymz] [restartedMain] tor$SharedEntityManagerInvocationHandler : Creating new EntityManager for shared EntityManager invocation
2025-04-18T11:20:30.789+02:00 DEBUG 15300 --- [Gymz] [restartedMain] tor$SharedEntityManagerInvocationHandler : Creating new EntityManager for shared EntityManager invocation
2025-04-18T11:20:30.841+02:00 DEBUG 15300 --- [Gymz] [restartedMain] tor$SharedEntityManagerInvocationHandler : Creating new EntityManager for shared EntityManager invocation
2025-04-18T11:20:30.845+02:00 DEBUG 15300 --- [Gymz] [restartedMain] tor$SharedEntityManagerInvocationHandler : Creating new EntityManager for shared EntityManager invocation
2025-04-18T11:20:30.872+02:00 DEBUG 15300 --- [Gymz] [restartedMain] tor$SharedEntityManagerInvocationHandler : Creating new EntityManager for shared EntityManager invocation
2025-04-18T11:20:30.880+02:00 DEBUG 15300 --- [Gymz] [restartedMain] tor$SharedEntityManagerInvocationHandler : Creating new EntityManager for shared EntityManager invocation
2025-04-18T11:20:30.909+02:00 DEBUG 15300 --- [Gymz] [restartedMain] tor$SharedEntityManagerInvocationHandler : Creating new EntityManager for shared EntityManager invocation
2025-04-18T11:20:31.026+02:00  WARN 15300 --- [Gymz] [restartedMain] JpaBaseConfiguration$JpaWebConfiguration : spring.jpa.open-in-view is enabled by default. Therefore, database queries may be performed during view rendering. Explicitly configure spring.jpa.open-in-view to disable this warning
2025-04-18T11:20:31.057+02:00  WARN 15300 --- [Gymz] [restartedMain] .s.s.UserDetailsServiceAutoConfiguration : 

Using generated security password: 018652c2-8f8b-40cd-a8d7-04279a400fab

This generated password is for development use only. Your security configuration must be updated before running your application in production.

2025-04-18T11:20:31.558+02:00 DEBUG 15300 --- [Gymz] [restartedMain] edFilterInvocationSecurityMetadataSource : Adding web access control expression [permitAll] for Mvc [pattern='/**']
2025-04-18T11:20:31.582+02:00 DEBUG 15300 --- [Gymz] [restartedMain] edFilterInvocationSecurityMetadataSource : Adding web access control expression [permitAll] for any request
2025-04-18T11:20:31.596+02:00  INFO 15300 --- [Gymz] [restartedMain] o.s.s.web.DefaultSecurityFilterChain     : Will secure any request with [org.springframework.security.web.session.DisableEncodeUrlFilter@6f59bd07, org.springframework.security.web.context.request.async.WebAsyncManagerIntegrationFilter@5c75be86, org.springframework.security.web.context.SecurityContextHolderFilter@2bf38c43, org.springframework.security.web.header.HeaderWriterFilter@53b54328, org.springframework.web.filter.CorsFilter@6a62299f, org.springframework.security.web.authentication.logout.LogoutFilter@732d3dac, org.springframework.security.web.savedrequest.RequestCacheAwareFilter@1fb9a0bf, org.springframework.security.web.servletapi.SecurityContextHolderAwareRequestFilter@66bde5ad, org.springframework.security.web.authentication.AnonymousAuthenticationFilter@346f1874, org.springframework.security.web.access.ExceptionTranslationFilter@6ecb57e6, org.springframework.security.web.access.intercept.FilterSecurityInterceptor@69c92a8a]
2025-04-18T11:20:32.073+02:00  INFO 15300 --- [Gymz] [restartedMain] o.s.b.d.a.OptionalLiveReloadServer       : LiveReload server is running on port 35729
2025-04-18T11:20:32.133+02:00  INFO 15300 --- [Gymz] [restartedMain] o.s.b.w.embedded.tomcat.TomcatWebServer  : Tomcat started on port 8082 (http) with context path ''
2025-04-18T11:20:32.150+02:00  INFO 15300 --- [Gymz] [restartedMain] com.example.demo.Demo4Application        : Started Demo4Application in 11.462 seconds (process running for 13.393)
2025-04-18T11:27:04.336+02:00  INFO 15300 --- [Gymz] [SpringApplicationShutdownHook] j.LocalContainerEntityManagerFactoryBean : Closing JPA EntityManagerFactory for persistence unit 'default'
2025-04-18T11:27:04.365+02:00  INFO 15300 --- [Gymz] [SpringApplicationShutdownHook] com.zaxxer.hikari.HikariDataSource       : HikariPool-1 - Shutdown initiated...
2025-04-18T11:27:04.428+02:00  INFO 15300 --- [Gymz] [SpringApplicationShutdownHook] com.zaxxer.hikari.HikariDataSource       : HikariPool-1 - Shutdown completed.
2025-04-18T11:27:13.928+02:00  INFO 14260 --- [Gymz] [restartedMain] com.example.demo.Demo4Application        : Starting Demo4Application using Java 23.0.1 with PID 14260 (C:\Users\Wathek Mth\Desktop\Nouveau dossier (15)\Gymz\target\classes started by Wathek Mth in C:\Users\Wathek Mth\Desktop\Nouveau dossier (15)\Gymz)
2025-04-18T11:27:13.930+02:00 DEBUG 14260 --- [Gymz] [restartedMain] com.example.demo.Demo4Application        : Running with Spring Boot v3.2.4, Spring v6.1.5
2025-04-18T11:27:13.931+02:00  INFO 14260 --- [Gymz] [restartedMain] com.example.demo.Demo4Application        : The following 1 profile is active: "dev"
2025-04-18T11:27:14.016+02:00  INFO 14260 --- [Gymz] [restartedMain] .e.DevToolsPropertyDefaultsPostProcessor : Devtools property defaults active! Set 'spring.devtools.add-properties' to 'false' to disable
2025-04-18T11:27:14.016+02:00  INFO 14260 --- [Gymz] [restartedMain] .e.DevToolsPropertyDefaultsPostProcessor : For additional web related logging consider setting the 'logging.level.web' property to 'DEBUG'
2025-04-18T11:27:15.097+02:00  INFO 14260 --- [Gymz] [restartedMain] .s.d.r.c.RepositoryConfigurationDelegate : Bootstrapping Spring Data JPA repositories in DEFAULT mode.
2025-04-18T11:27:15.212+02:00  INFO 14260 --- [Gymz] [restartedMain] .s.d.r.c.RepositoryConfigurationDelegate : Finished Spring Data repository scanning in 106 ms. Found 15 JPA repository interfaces.
2025-04-18T11:27:16.006+02:00  INFO 14260 --- [Gymz] [restartedMain] o.s.b.w.embedded.tomcat.TomcatWebServer  : Tomcat initialized with port 8082 (http)
2025-04-18T11:27:16.020+02:00  INFO 14260 --- [Gymz] [restartedMain] o.apache.catalina.core.StandardService   : Starting service [Tomcat]
2025-04-18T11:27:16.021+02:00  INFO 14260 --- [Gymz] [restartedMain] o.apache.catalina.core.StandardEngine    : Starting Servlet engine: [Apache Tomcat/10.1.19]
2025-04-18T11:27:16.084+02:00  INFO 14260 --- [Gymz] [restartedMain] o.a.c.c.C.[Tomcat].[localhost].[/]       : Initializing Spring embedded WebApplicationContext
2025-04-18T11:27:16.084+02:00  INFO 14260 --- [Gymz] [restartedMain] w.s.c.ServletWebServerApplicationContext : Root WebApplicationContext: initialization completed in 2067 ms
2025-04-18T11:27:16.282+02:00 DEBUG 14260 --- [Gymz] [restartedMain] j.LocalContainerEntityManagerFactoryBean : Building JPA container EntityManagerFactory for persistence unit 'default'
2025-04-18T11:27:16.305+02:00  INFO 14260 --- [Gymz] [restartedMain] o.hibernate.jpa.internal.util.LogHelper  : HHH000204: Processing PersistenceUnitInfo [name: default]
2025-04-18T11:27:16.382+02:00  INFO 14260 --- [Gymz] [restartedMain] org.hibernate.Version                    : HHH000412: Hibernate ORM core version 6.4.4.Final
2025-04-18T11:27:16.432+02:00  INFO 14260 --- [Gymz] [restartedMain] o.h.c.internal.RegionFactoryInitiator    : HHH000026: Second-level cache disabled
2025-04-18T11:27:16.726+02:00  INFO 14260 --- [Gymz] [restartedMain] o.s.o.j.p.SpringPersistenceUnitInfo      : No LoadTimeWeaver setup: ignoring JPA class transformer
2025-04-18T11:27:16.759+02:00  INFO 14260 --- [Gymz] [restartedMain] com.zaxxer.hikari.HikariDataSource       : HikariPool-1 - Starting...
2025-04-18T11:27:16.984+02:00  INFO 14260 --- [Gymz] [restartedMain] com.zaxxer.hikari.pool.HikariPool        : HikariPool-1 - Added connection com.mysql.cj.jdbc.ConnectionImpl@14b86b2a
2025-04-18T11:27:16.986+02:00  INFO 14260 --- [Gymz] [restartedMain] com.zaxxer.hikari.HikariDataSource       : HikariPool-1 - Start completed.
2025-04-18T11:27:17.020+02:00  WARN 14260 --- [Gymz] [restartedMain] org.hibernate.orm.deprecation            : HHH90000025: MySQL8Dialect does not need to be specified explicitly using 'hibernate.dialect' (remove the property setting and it will be selected by default)
2025-04-18T11:27:17.022+02:00  WARN 14260 --- [Gymz] [restartedMain] org.hibernate.orm.deprecation            : HHH90000026: MySQL8Dialect has been deprecated; use org.hibernate.dialect.MySQLDialect instead
2025-04-18T11:27:18.689+02:00  INFO 14260 --- [Gymz] [restartedMain] o.h.e.t.j.p.i.JtaPlatformInitiator       : HHH000489: No JTA platform available (set 'hibernate.transaction.jta.platform' to enable JTA platform integration)
2025-04-18T11:27:19.555+02:00  INFO 14260 --- [Gymz] [restartedMain] j.LocalContainerEntityManagerFactoryBean : Initialized JPA EntityManagerFactory for persistence unit 'default'
2025-04-18T11:27:19.676+02:00 DEBUG 14260 --- [Gymz] [restartedMain] tor$SharedEntityManagerInvocationHandler : Creating new EntityManager for shared EntityManager invocation
2025-04-18T11:27:19.710+02:00 DEBUG 14260 --- [Gymz] [restartedMain] tor$SharedEntityManagerInvocationHandler : Creating new EntityManager for shared EntityManager invocation
2025-04-18T11:27:19.828+02:00 DEBUG 14260 --- [Gymz] [restartedMain] tor$SharedEntityManagerInvocationHandler : Creating new EntityManager for shared EntityManager invocation
2025-04-18T11:27:19.902+02:00 DEBUG 14260 --- [Gymz] [restartedMain] tor$SharedEntityManagerInvocationHandler : Creating new EntityManager for shared EntityManager invocation
2025-04-18T11:27:19.966+02:00 DEBUG 14260 --- [Gymz] [restartedMain] tor$SharedEntityManagerInvocationHandler : Creating new EntityManager for shared EntityManager invocation
2025-04-18T11:27:19.970+02:00 DEBUG 14260 --- [Gymz] [restartedMain] tor$SharedEntityManagerInvocationHandler : Creating new EntityManager for shared EntityManager invocation
2025-04-18T11:27:19.976+02:00 DEBUG 14260 --- [Gymz] [restartedMain] tor$SharedEntityManagerInvocationHandler : Creating new EntityManager for shared EntityManager invocation
2025-04-18T11:27:19.982+02:00 DEBUG 14260 --- [Gymz] [restartedMain] tor$SharedEntityManagerInvocationHandler : Creating new EntityManager for shared EntityManager invocation
2025-04-18T11:27:19.994+02:00 DEBUG 14260 --- [Gymz] [restartedMain] tor$SharedEntityManagerInvocationHandler : Creating new EntityManager for shared EntityManager invocation
2025-04-18T11:27:19.995+02:00 DEBUG 14260 --- [Gymz] [restartedMain] tor$SharedEntityManagerInvocationHandler : Creating new EntityManager for shared EntityManager invocation
2025-04-18T11:27:20.018+02:00 DEBUG 14260 --- [Gymz] [restartedMain] tor$SharedEntityManagerInvocationHandler : Creating new EntityManager for shared EntityManager invocation
2025-04-18T11:27:20.020+02:00 DEBUG 14260 --- [Gymz] [restartedMain] tor$SharedEntityManagerInvocationHandler : Creating new EntityManager for shared EntityManager invocation
2025-04-18T11:27:20.021+02:00 DEBUG 14260 --- [Gymz] [restartedMain] tor$SharedEntityManagerInvocationHandler : Creating new EntityManager for shared EntityManager invocation
2025-04-18T11:27:20.037+02:00  INFO 14260 --- [Gymz] [restartedMain] o.s.d.j.r.query.QueryEnhancerFactory     : Hibernate is in classpath; If applicable, HQL parser will be used.
2025-04-18T11:27:20.282+02:00 DEBUG 14260 --- [Gymz] [restartedMain] tor$SharedEntityManagerInvocationHandler : Creating new EntityManager for shared EntityManager invocation
2025-04-18T11:27:20.487+02:00 DEBUG 14260 --- [Gymz] [restartedMain] tor$SharedEntityManagerInvocationHandler : Creating new EntityManager for shared EntityManager invocation
2025-04-18T11:27:20.489+02:00 DEBUG 14260 --- [Gymz] [restartedMain] tor$SharedEntityManagerInvocationHandler : Creating new EntityManager for shared EntityManager invocation
2025-04-18T11:27:20.490+02:00 DEBUG 14260 --- [Gymz] [restartedMain] tor$SharedEntityManagerInvocationHandler : Creating new EntityManager for shared EntityManager invocation
2025-04-18T11:27:20.568+02:00 DEBUG 14260 --- [Gymz] [restartedMain] tor$SharedEntityManagerInvocationHandler : Creating new EntityManager for shared EntityManager invocation
2025-04-18T11:27:20.569+02:00 DEBUG 14260 --- [Gymz] [restartedMain] tor$SharedEntityManagerInvocationHandler : Creating new EntityManager for shared EntityManager invocation
2025-04-18T11:27:20.585+02:00 DEBUG 14260 --- [Gymz] [restartedMain] tor$SharedEntityManagerInvocationHandler : Creating new EntityManager for shared EntityManager invocation
2025-04-18T11:27:20.587+02:00 DEBUG 14260 --- [Gymz] [restartedMain] tor$SharedEntityManagerInvocationHandler : Creating new EntityManager for shared EntityManager invocation
2025-04-18T11:27:20.588+02:00 DEBUG 14260 --- [Gymz] [restartedMain] tor$SharedEntityManagerInvocationHandler : Creating new EntityManager for shared EntityManager invocation
2025-04-18T11:27:20.603+02:00 DEBUG 14260 --- [Gymz] [restartedMain] tor$SharedEntityManagerInvocationHandler : Creating new EntityManager for shared EntityManager invocation
2025-04-18T11:27:20.607+02:00 DEBUG 14260 --- [Gymz] [restartedMain] tor$SharedEntityManagerInvocationHandler : Creating new EntityManager for shared EntityManager invocation
2025-04-18T11:27:20.628+02:00 DEBUG 14260 --- [Gymz] [restartedMain] tor$SharedEntityManagerInvocationHandler : Creating new EntityManager for shared EntityManager invocation
2025-04-18T11:27:20.633+02:00 DEBUG 14260 --- [Gymz] [restartedMain] tor$SharedEntityManagerInvocationHandler : Creating new EntityManager for shared EntityManager invocation
2025-04-18T11:27:20.634+02:00 DEBUG 14260 --- [Gymz] [restartedMain] tor$SharedEntityManagerInvocationHandler : Creating new EntityManager for shared EntityManager invocation
2025-04-18T11:27:20.655+02:00 DEBUG 14260 --- [Gymz] [restartedMain] tor$SharedEntityManagerInvocationHandler : Creating new EntityManager for shared EntityManager invocation
2025-04-18T11:27:20.708+02:00 DEBUG 14260 --- [Gymz] [restartedMain] tor$SharedEntityManagerInvocationHandler : Creating new EntityManager for shared EntityManager invocation
2025-04-18T11:27:20.710+02:00 DEBUG 14260 --- [Gymz] [restartedMain] tor$SharedEntityManagerInvocationHandler : Creating new EntityManager for shared EntityManager invocation
2025-04-18T11:27:20.712+02:00 DEBUG 14260 --- [Gymz] [restartedMain] tor$SharedEntityManagerInvocationHandler : Creating new EntityManager for shared EntityManager invocation
2025-04-18T11:27:20.732+02:00 DEBUG 14260 --- [Gymz] [restartedMain] tor$SharedEntityManagerInvocationHandler : Creating new EntityManager for shared EntityManager invocation
2025-04-18T11:27:20.733+02:00 DEBUG 14260 --- [Gymz] [restartedMain] tor$SharedEntityManagerInvocationHandler : Creating new EntityManager for shared EntityManager invocation
2025-04-18T11:27:20.766+02:00 DEBUG 14260 --- [Gymz] [restartedMain] tor$SharedEntityManagerInvocationHandler : Creating new EntityManager for shared EntityManager invocation
2025-04-18T11:27:20.768+02:00 DEBUG 14260 --- [Gymz] [restartedMain] tor$SharedEntityManagerInvocationHandler : Creating new EntityManager for shared EntityManager invocation
2025-04-18T11:27:20.773+02:00 DEBUG 14260 --- [Gymz] [restartedMain] tor$SharedEntityManagerInvocationHandler : Creating new EntityManager for shared EntityManager invocation
2025-04-18T11:27:20.777+02:00 DEBUG 14260 --- [Gymz] [restartedMain] tor$SharedEntityManagerInvocationHandler : Creating new EntityManager for shared EntityManager invocation
2025-04-18T11:27:20.778+02:00 DEBUG 14260 --- [Gymz] [restartedMain] tor$SharedEntityManagerInvocationHandler : Creating new EntityManager for shared EntityManager invocation
2025-04-18T11:27:20.780+02:00 DEBUG 14260 --- [Gymz] [restartedMain] tor$SharedEntityManagerInvocationHandler : Creating new EntityManager for shared EntityManager invocation
2025-04-18T11:27:20.782+02:00 DEBUG 14260 --- [Gymz] [restartedMain] tor$SharedEntityManagerInvocationHandler : Creating new EntityManager for shared EntityManager invocation
2025-04-18T11:27:20.809+02:00 DEBUG 14260 --- [Gymz] [restartedMain] tor$SharedEntityManagerInvocationHandler : Creating new EntityManager for shared EntityManager invocation
2025-04-18T11:27:20.884+02:00 DEBUG 14260 --- [Gymz] [restartedMain] tor$SharedEntityManagerInvocationHandler : Creating new EntityManager for shared EntityManager invocation
2025-04-18T11:27:20.885+02:00 DEBUG 14260 --- [Gymz] [restartedMain] tor$SharedEntityManagerInvocationHandler : Creating new EntityManager for shared EntityManager invocation
2025-04-18T11:27:20.913+02:00 DEBUG 14260 --- [Gymz] [restartedMain] tor$SharedEntityManagerInvocationHandler : Creating new EntityManager for shared EntityManager invocation
2025-04-18T11:27:20.916+02:00 DEBUG 14260 --- [Gymz] [restartedMain] tor$SharedEntityManagerInvocationHandler : Creating new EntityManager for shared EntityManager invocation
2025-04-18T11:27:20.918+02:00 DEBUG 14260 --- [Gymz] [restartedMain] tor$SharedEntityManagerInvocationHandler : Creating new EntityManager for shared EntityManager invocation
2025-04-18T11:27:20.921+02:00 DEBUG 14260 --- [Gymz] [restartedMain] tor$SharedEntityManagerInvocationHandler : Creating new EntityManager for shared EntityManager invocation
2025-04-18T11:27:20.922+02:00 DEBUG 14260 --- [Gymz] [restartedMain] tor$SharedEntityManagerInvocationHandler : Creating new EntityManager for shared EntityManager invocation
2025-04-18T11:27:20.925+02:00 DEBUG 14260 --- [Gymz] [restartedMain] tor$SharedEntityManagerInvocationHandler : Creating new EntityManager for shared EntityManager invocation
2025-04-18T11:27:20.936+02:00 DEBUG 14260 --- [Gymz] [restartedMain] tor$SharedEntityManagerInvocationHandler : Creating new EntityManager for shared EntityManager invocation
2025-04-18T11:27:20.937+02:00 DEBUG 14260 --- [Gymz] [restartedMain] tor$SharedEntityManagerInvocationHandler : Creating new EntityManager for shared EntityManager invocation
2025-04-18T11:27:20.970+02:00 DEBUG 14260 --- [Gymz] [restartedMain] tor$SharedEntityManagerInvocationHandler : Creating new EntityManager for shared EntityManager invocation
2025-04-18T11:27:20.973+02:00 DEBUG 14260 --- [Gymz] [restartedMain] tor$SharedEntityManagerInvocationHandler : Creating new EntityManager for shared EntityManager invocation
2025-04-18T11:27:20.976+02:00 DEBUG 14260 --- [Gymz] [restartedMain] tor$SharedEntityManagerInvocationHandler : Creating new EntityManager for shared EntityManager invocation
2025-04-18T11:27:20.978+02:00 DEBUG 14260 --- [Gymz] [restartedMain] tor$SharedEntityManagerInvocationHandler : Creating new EntityManager for shared EntityManager invocation
2025-04-18T11:27:20.980+02:00 DEBUG 14260 --- [Gymz] [restartedMain] tor$SharedEntityManagerInvocationHandler : Creating new EntityManager for shared EntityManager invocation
2025-04-18T11:27:20.994+02:00 DEBUG 14260 --- [Gymz] [restartedMain] tor$SharedEntityManagerInvocationHandler : Creating new EntityManager for shared EntityManager invocation
2025-04-18T11:27:20.995+02:00 DEBUG 14260 --- [Gymz] [restartedMain] tor$SharedEntityManagerInvocationHandler : Creating new EntityManager for shared EntityManager invocation
2025-04-18T11:27:21.047+02:00 DEBUG 14260 --- [Gymz] [restartedMain] tor$SharedEntityManagerInvocationHandler : Creating new EntityManager for shared EntityManager invocation
2025-04-18T11:27:21.048+02:00 DEBUG 14260 --- [Gymz] [restartedMain] tor$SharedEntityManagerInvocationHandler : Creating new EntityManager for shared EntityManager invocation
2025-04-18T11:27:21.049+02:00 DEBUG 14260 --- [Gymz] [restartedMain] tor$SharedEntityManagerInvocationHandler : Creating new EntityManager for shared EntityManager invocation
2025-04-18T11:27:21.051+02:00 DEBUG 14260 --- [Gymz] [restartedMain] tor$SharedEntityManagerInvocationHandler : Creating new EntityManager for shared EntityManager invocation
2025-04-18T11:27:21.052+02:00 DEBUG 14260 --- [Gymz] [restartedMain] tor$SharedEntityManagerInvocationHandler : Creating new EntityManager for shared EntityManager invocation
2025-04-18T11:27:21.053+02:00 DEBUG 14260 --- [Gymz] [restartedMain] tor$SharedEntityManagerInvocationHandler : Creating new EntityManager for shared EntityManager invocation
2025-04-18T11:27:21.054+02:00 DEBUG 14260 --- [Gymz] [restartedMain] tor$SharedEntityManagerInvocationHandler : Creating new EntityManager for shared EntityManager invocation
2025-04-18T11:27:21.055+02:00 DEBUG 14260 --- [Gymz] [restartedMain] tor$SharedEntityManagerInvocationHandler : Creating new EntityManager for shared EntityManager invocation
2025-04-18T11:27:21.056+02:00 DEBUG 14260 --- [Gymz] [restartedMain] tor$SharedEntityManagerInvocationHandler : Creating new EntityManager for shared EntityManager invocation
2025-04-18T11:27:21.058+02:00 DEBUG 14260 --- [Gymz] [restartedMain] tor$SharedEntityManagerInvocationHandler : Creating new EntityManager for shared EntityManager invocation
2025-04-18T11:27:21.100+02:00 DEBUG 14260 --- [Gymz] [restartedMain] tor$SharedEntityManagerInvocationHandler : Creating new EntityManager for shared EntityManager invocation
2025-04-18T11:27:21.106+02:00 DEBUG 14260 --- [Gymz] [restartedMain] tor$SharedEntityManagerInvocationHandler : Creating new EntityManager for shared EntityManager invocation
2025-04-18T11:27:21.124+02:00 DEBUG 14260 --- [Gymz] [restartedMain] tor$SharedEntityManagerInvocationHandler : Creating new EntityManager for shared EntityManager invocation
2025-04-18T11:27:21.126+02:00 DEBUG 14260 --- [Gymz] [restartedMain] tor$SharedEntityManagerInvocationHandler : Creating new EntityManager for shared EntityManager invocation
2025-04-18T11:27:21.142+02:00 DEBUG 14260 --- [Gymz] [restartedMain] tor$SharedEntityManagerInvocationHandler : Creating new EntityManager for shared EntityManager invocation
2025-04-18T11:27:21.147+02:00 DEBUG 14260 --- [Gymz] [restartedMain] tor$SharedEntityManagerInvocationHandler : Creating new EntityManager for shared EntityManager invocation
2025-04-18T11:27:21.183+02:00 DEBUG 14260 --- [Gymz] [restartedMain] tor$SharedEntityManagerInvocationHandler : Creating new EntityManager for shared EntityManager invocation
2025-04-18T11:27:21.185+02:00 DEBUG 14260 --- [Gymz] [restartedMain] tor$SharedEntityManagerInvocationHandler : Creating new EntityManager for shared EntityManager invocation
2025-04-18T11:27:21.188+02:00 DEBUG 14260 --- [Gymz] [restartedMain] tor$SharedEntityManagerInvocationHandler : Creating new EntityManager for shared EntityManager invocation
2025-04-18T11:27:21.224+02:00 DEBUG 14260 --- [Gymz] [restartedMain] tor$SharedEntityManagerInvocationHandler : Creating new EntityManager for shared EntityManager invocation
2025-04-18T11:27:21.230+02:00 DEBUG 14260 --- [Gymz] [restartedMain] tor$SharedEntityManagerInvocationHandler : Creating new EntityManager for shared EntityManager invocation
2025-04-18T11:27:21.265+02:00 DEBUG 14260 --- [Gymz] [restartedMain] tor$SharedEntityManagerInvocationHandler : Creating new EntityManager for shared EntityManager invocation
2025-04-18T11:27:21.267+02:00 DEBUG 14260 --- [Gymz] [restartedMain] tor$SharedEntityManagerInvocationHandler : Creating new EntityManager for shared EntityManager invocation
2025-04-18T11:27:21.268+02:00 DEBUG 14260 --- [Gymz] [restartedMain] tor$SharedEntityManagerInvocationHandler : Creating new EntityManager for shared EntityManager invocation
2025-04-18T11:27:21.270+02:00 DEBUG 14260 --- [Gymz] [restartedMain] tor$SharedEntityManagerInvocationHandler : Creating new EntityManager for shared EntityManager invocation
2025-04-18T11:27:21.270+02:00 DEBUG 14260 --- [Gymz] [restartedMain] tor$SharedEntityManagerInvocationHandler : Creating new EntityManager for shared EntityManager invocation
2025-04-18T11:27:21.289+02:00 DEBUG 14260 --- [Gymz] [restartedMain] tor$SharedEntityManagerInvocationHandler : Creating new EntityManager for shared EntityManager invocation
2025-04-18T11:27:21.294+02:00 DEBUG 14260 --- [Gymz] [restartedMain] tor$SharedEntityManagerInvocationHandler : Creating new EntityManager for shared EntityManager invocation
2025-04-18T11:27:21.319+02:00 DEBUG 14260 --- [Gymz] [restartedMain] tor$SharedEntityManagerInvocationHandler : Creating new EntityManager for shared EntityManager invocation
2025-04-18T11:27:21.346+02:00 DEBUG 14260 --- [Gymz] [restartedMain] tor$SharedEntityManagerInvocationHandler : Creating new EntityManager for shared EntityManager invocation
2025-04-18T11:27:21.347+02:00 DEBUG 14260 --- [Gymz] [restartedMain] tor$SharedEntityManagerInvocationHandler : Creating new EntityManager for shared EntityManager invocation
2025-04-18T11:27:21.368+02:00 DEBUG 14260 --- [Gymz] [restartedMain] tor$SharedEntityManagerInvocationHandler : Creating new EntityManager for shared EntityManager invocation
2025-04-18T11:27:21.375+02:00 DEBUG 14260 --- [Gymz] [restartedMain] tor$SharedEntityManagerInvocationHandler : Creating new EntityManager for shared EntityManager invocation
2025-04-18T11:27:21.404+02:00 DEBUG 14260 --- [Gymz] [restartedMain] tor$SharedEntityManagerInvocationHandler : Creating new EntityManager for shared EntityManager invocation
2025-04-18T11:27:21.411+02:00 DEBUG 14260 --- [Gymz] [restartedMain] tor$SharedEntityManagerInvocationHandler : Creating new EntityManager for shared EntityManager invocation
2025-04-18T11:27:21.446+02:00 DEBUG 14260 --- [Gymz] [restartedMain] tor$SharedEntityManagerInvocationHandler : Creating new EntityManager for shared EntityManager invocation
2025-04-18T11:27:21.448+02:00 DEBUG 14260 --- [Gymz] [restartedMain] tor$SharedEntityManagerInvocationHandler : Creating new EntityManager for shared EntityManager invocation
2025-04-18T11:27:21.466+02:00 DEBUG 14260 --- [Gymz] [restartedMain] tor$SharedEntityManagerInvocationHandler : Creating new EntityManager for shared EntityManager invocation
2025-04-18T11:27:21.469+02:00 DEBUG 14260 --- [Gymz] [restartedMain] tor$SharedEntityManagerInvocationHandler : Creating new EntityManager for shared EntityManager invocation
2025-04-18T11:27:21.482+02:00 DEBUG 14260 --- [Gymz] [restartedMain] tor$SharedEntityManagerInvocationHandler : Creating new EntityManager for shared EntityManager invocation
2025-04-18T11:27:21.562+02:00  WARN 14260 --- [Gymz] [restartedMain] JpaBaseConfiguration$JpaWebConfiguration : spring.jpa.open-in-view is enabled by default. Therefore, database queries may be performed during view rendering. Explicitly configure spring.jpa.open-in-view to disable this warning
2025-04-18T11:27:21.593+02:00  WARN 14260 --- [Gymz] [restartedMain] .s.s.UserDetailsServiceAutoConfiguration : 

Using generated security password: b2f298a4-0a05-4bfb-b0fa-887d526f5581

This generated password is for development use only. Your security configuration must be updated before running your application in production.

2025-04-18T11:27:22.175+02:00 DEBUG 14260 --- [Gymz] [restartedMain] edFilterInvocationSecurityMetadataSource : Adding web access control expression [permitAll] for Mvc [pattern='/**']
2025-04-18T11:27:22.202+02:00 DEBUG 14260 --- [Gymz] [restartedMain] edFilterInvocationSecurityMetadataSource : Adding web access control expression [permitAll] for any request
2025-04-18T11:27:22.218+02:00  INFO 14260 --- [Gymz] [restartedMain] o.s.s.web.DefaultSecurityFilterChain     : Will secure any request with [org.springframework.security.web.session.DisableEncodeUrlFilter@49d792eb, org.springframework.security.web.context.request.async.WebAsyncManagerIntegrationFilter@6cf59353, org.springframework.security.web.context.SecurityContextHolderFilter@76f96db5, org.springframework.security.web.header.HeaderWriterFilter@134a523a, org.springframework.web.filter.CorsFilter@5017ddad, org.springframework.security.web.authentication.logout.LogoutFilter@cc385c7, org.springframework.security.web.savedrequest.RequestCacheAwareFilter@2f2c619c, org.springframework.security.web.servletapi.SecurityContextHolderAwareRequestFilter@1eab7253, org.springframework.security.web.authentication.AnonymousAuthenticationFilter@54570f79, org.springframework.security.web.access.ExceptionTranslationFilter@1ce60f45, org.springframework.security.web.access.intercept.FilterSecurityInterceptor@2a4e2aa3]
2025-04-18T11:27:22.576+02:00  INFO 14260 --- [Gymz] [restartedMain] o.s.b.d.a.OptionalLiveReloadServer       : LiveReload server is running on port 35729
2025-04-18T11:27:22.620+02:00  INFO 14260 --- [Gymz] [restartedMain] o.s.b.w.embedded.tomcat.TomcatWebServer  : Tomcat started on port 8082 (http) with context path ''
2025-04-18T11:27:22.631+02:00  INFO 14260 --- [Gymz] [restartedMain] com.example.demo.Demo4Application        : Started Demo4Application in 9.343 seconds (process running for 11.163)
2025-04-18T11:27:46.216+02:00  INFO 14260 --- [Gymz] [SpringApplicationShutdownHook] j.LocalContainerEntityManagerFactoryBean : Closing JPA EntityManagerFactory for persistence unit 'default'
2025-04-18T11:27:46.220+02:00  INFO 14260 --- [Gymz] [SpringApplicationShutdownHook] com.zaxxer.hikari.HikariDataSource       : HikariPool-1 - Shutdown initiated...
2025-04-18T11:27:46.233+02:00  INFO 14260 --- [Gymz] [SpringApplicationShutdownHook] com.zaxxer.hikari.HikariDataSource       : HikariPool-1 - Shutdown completed.
2025-04-18T12:31:05.732+02:00  INFO 16704 --- [Gymz] [restartedMain] com.example.demo.Demo4Application        : Starting Demo4Application using Java 23.0.1 with PID 16704 (C:\Users\Wathek Mth\Desktop\Nouveau dossier (15)\Gymz\target\classes started by Wathek Mth in C:\Users\Wathek Mth\Desktop\Nouveau dossier (15)\Gymz)
2025-04-18T12:31:05.733+02:00 DEBUG 16704 --- [Gymz] [restartedMain] com.example.demo.Demo4Application        : Running with Spring Boot v3.2.4, Spring v6.1.5
2025-04-18T12:31:05.734+02:00  INFO 16704 --- [Gymz] [restartedMain] com.example.demo.Demo4Application        : The following 1 profile is active: "dev"
2025-04-18T12:31:05.799+02:00  INFO 16704 --- [Gymz] [restartedMain] .e.DevToolsPropertyDefaultsPostProcessor : Devtools property defaults active! Set 'spring.devtools.add-properties' to 'false' to disable
2025-04-18T12:31:05.799+02:00  INFO 16704 --- [Gymz] [restartedMain] .e.DevToolsPropertyDefaultsPostProcessor : For additional web related logging consider setting the 'logging.level.web' property to 'DEBUG'
2025-04-18T12:31:06.811+02:00  INFO 16704 --- [Gymz] [restartedMain] .s.d.r.c.RepositoryConfigurationDelegate : Bootstrapping Spring Data JPA repositories in DEFAULT mode.
2025-04-18T12:31:06.919+02:00  INFO 16704 --- [Gymz] [restartedMain] .s.d.r.c.RepositoryConfigurationDelegate : Finished Spring Data repository scanning in 98 ms. Found 15 JPA repository interfaces.
2025-04-18T12:31:07.649+02:00  INFO 16704 --- [Gymz] [restartedMain] o.s.b.w.embedded.tomcat.TomcatWebServer  : Tomcat initialized with port 8082 (http)
2025-04-18T12:31:07.664+02:00  INFO 16704 --- [Gymz] [restartedMain] o.apache.catalina.core.StandardService   : Starting service [Tomcat]
2025-04-18T12:31:07.664+02:00  INFO 16704 --- [Gymz] [restartedMain] o.apache.catalina.core.StandardEngine    : Starting Servlet engine: [Apache Tomcat/10.1.19]
2025-04-18T12:31:07.725+02:00  INFO 16704 --- [Gymz] [restartedMain] o.a.c.c.C.[Tomcat].[localhost].[/]       : Initializing Spring embedded WebApplicationContext
2025-04-18T12:31:07.725+02:00  INFO 16704 --- [Gymz] [restartedMain] w.s.c.ServletWebServerApplicationContext : Root WebApplicationContext: initialization completed in 1926 ms
2025-04-18T12:31:07.922+02:00 DEBUG 16704 --- [Gymz] [restartedMain] j.LocalContainerEntityManagerFactoryBean : Building JPA container EntityManagerFactory for persistence unit 'default'
2025-04-18T12:31:07.946+02:00  INFO 16704 --- [Gymz] [restartedMain] o.hibernate.jpa.internal.util.LogHelper  : HHH000204: Processing PersistenceUnitInfo [name: default]
2025-04-18T12:31:08.031+02:00  INFO 16704 --- [Gymz] [restartedMain] org.hibernate.Version                    : HHH000412: Hibernate ORM core version 6.4.4.Final
2025-04-18T12:31:08.074+02:00  INFO 16704 --- [Gymz] [restartedMain] o.h.c.internal.RegionFactoryInitiator    : HHH000026: Second-level cache disabled
2025-04-18T12:31:08.375+02:00  INFO 16704 --- [Gymz] [restartedMain] o.s.o.j.p.SpringPersistenceUnitInfo      : No LoadTimeWeaver setup: ignoring JPA class transformer
2025-04-18T12:31:08.406+02:00  INFO 16704 --- [Gymz] [restartedMain] com.zaxxer.hikari.HikariDataSource       : HikariPool-1 - Starting...
2025-04-18T12:31:08.662+02:00  INFO 16704 --- [Gymz] [restartedMain] com.zaxxer.hikari.pool.HikariPool        : HikariPool-1 - Added connection com.mysql.cj.jdbc.ConnectionImpl@22c584bb
2025-04-18T12:31:08.664+02:00  INFO 16704 --- [Gymz] [restartedMain] com.zaxxer.hikari.HikariDataSource       : HikariPool-1 - Start completed.
2025-04-18T12:31:08.693+02:00  WARN 16704 --- [Gymz] [restartedMain] org.hibernate.orm.deprecation            : HHH90000025: MySQL8Dialect does not need to be specified explicitly using 'hibernate.dialect' (remove the property setting and it will be selected by default)
2025-04-18T12:31:08.694+02:00  WARN 16704 --- [Gymz] [restartedMain] org.hibernate.orm.deprecation            : HHH90000026: MySQL8Dialect has been deprecated; use org.hibernate.dialect.MySQLDialect instead
2025-04-18T12:31:10.162+02:00  INFO 16704 --- [Gymz] [restartedMain] o.h.e.t.j.p.i.JtaPlatformInitiator       : HHH000489: No JTA platform available (set 'hibernate.transaction.jta.platform' to enable JTA platform integration)
2025-04-18T12:31:10.449+02:00  INFO 16704 --- [Gymz] [restartedMain] j.LocalContainerEntityManagerFactoryBean : Initialized JPA EntityManagerFactory for persistence unit 'default'
2025-04-18T12:31:10.573+02:00 DEBUG 16704 --- [Gymz] [restartedMain] tor$SharedEntityManagerInvocationHandler : Creating new EntityManager for shared EntityManager invocation
2025-04-18T12:31:10.608+02:00 DEBUG 16704 --- [Gymz] [restartedMain] tor$SharedEntityManagerInvocationHandler : Creating new EntityManager for shared EntityManager invocation
2025-04-18T12:31:10.720+02:00 DEBUG 16704 --- [Gymz] [restartedMain] tor$SharedEntityManagerInvocationHandler : Creating new EntityManager for shared EntityManager invocation
2025-04-18T12:31:10.785+02:00 DEBUG 16704 --- [Gymz] [restartedMain] tor$SharedEntityManagerInvocationHandler : Creating new EntityManager for shared EntityManager invocation
2025-04-18T12:31:10.860+02:00 DEBUG 16704 --- [Gymz] [restartedMain] tor$SharedEntityManagerInvocationHandler : Creating new EntityManager for shared EntityManager invocation
2025-04-18T12:31:10.865+02:00 DEBUG 16704 --- [Gymz] [restartedMain] tor$SharedEntityManagerInvocationHandler : Creating new EntityManager for shared EntityManager invocation
2025-04-18T12:31:10.869+02:00 DEBUG 16704 --- [Gymz] [restartedMain] tor$SharedEntityManagerInvocationHandler : Creating new EntityManager for shared EntityManager invocation
2025-04-18T12:31:10.874+02:00 DEBUG 16704 --- [Gymz] [restartedMain] tor$SharedEntityManagerInvocationHandler : Creating new EntityManager for shared EntityManager invocation
2025-04-18T12:31:10.886+02:00 DEBUG 16704 --- [Gymz] [restartedMain] tor$SharedEntityManagerInvocationHandler : Creating new EntityManager for shared EntityManager invocation
2025-04-18T12:31:10.887+02:00 DEBUG 16704 --- [Gymz] [restartedMain] tor$SharedEntityManagerInvocationHandler : Creating new EntityManager for shared EntityManager invocation
2025-04-18T12:31:10.914+02:00 DEBUG 16704 --- [Gymz] [restartedMain] tor$SharedEntityManagerInvocationHandler : Creating new EntityManager for shared EntityManager invocation
2025-04-18T12:31:10.916+02:00 DEBUG 16704 --- [Gymz] [restartedMain] tor$SharedEntityManagerInvocationHandler : Creating new EntityManager for shared EntityManager invocation
2025-04-18T12:31:10.917+02:00 DEBUG 16704 --- [Gymz] [restartedMain] tor$SharedEntityManagerInvocationHandler : Creating new EntityManager for shared EntityManager invocation
2025-04-18T12:31:10.919+02:00 DEBUG 16704 --- [Gymz] [restartedMain] tor$SharedEntityManagerInvocationHandler : Creating new EntityManager for shared EntityManager invocation
2025-04-18T12:31:10.933+02:00  INFO 16704 --- [Gymz] [restartedMain] o.s.d.j.r.query.QueryEnhancerFactory     : Hibernate is in classpath; If applicable, HQL parser will be used.
2025-04-18T12:31:11.127+02:00 DEBUG 16704 --- [Gymz] [restartedMain] tor$SharedEntityManagerInvocationHandler : Creating new EntityManager for shared EntityManager invocation
2025-04-18T12:31:11.368+02:00 DEBUG 16704 --- [Gymz] [restartedMain] tor$SharedEntityManagerInvocationHandler : Creating new EntityManager for shared EntityManager invocation
2025-04-18T12:31:11.370+02:00 DEBUG 16704 --- [Gymz] [restartedMain] tor$SharedEntityManagerInvocationHandler : Creating new EntityManager for shared EntityManager invocation
2025-04-18T12:31:11.406+02:00  WARN 16704 --- [Gymz] [restartedMain] ConfigServletWebServerApplicationContext : Exception encountered during context initialization - cancelling refresh attempt: org.springframework.beans.factory.UnsatisfiedDependencyException: Error creating bean with name 'authController' defined in file [C:\Users\Wathek Mth\Desktop\Nouveau dossier (15)\Gymz\target\classes\com\example\demo\controller\AuthController.class]: Unsatisfied dependency expressed through constructor parameter 0: Error creating bean with name 'jwtTokenService': Unsatisfied dependency expressed through field 'jwtExpiration': Failed to convert value of type 'java.lang.String' to required type 'long'; For input string: "86400000#Enmillisecondes(ex.86400000=1jour)"
2025-04-18T12:31:11.407+02:00  INFO 16704 --- [Gymz] [restartedMain] j.LocalContainerEntityManagerFactoryBean : Closing JPA EntityManagerFactory for persistence unit 'default'
2025-04-18T12:31:11.410+02:00  INFO 16704 --- [Gymz] [restartedMain] com.zaxxer.hikari.HikariDataSource       : HikariPool-1 - Shutdown initiated...
2025-04-18T12:31:11.421+02:00  INFO 16704 --- [Gymz] [restartedMain] com.zaxxer.hikari.HikariDataSource       : HikariPool-1 - Shutdown completed.
2025-04-18T12:31:11.423+02:00  INFO 16704 --- [Gymz] [restartedMain] o.apache.catalina.core.StandardService   : Stopping service [Tomcat]
2025-04-18T12:31:11.437+02:00  INFO 16704 --- [Gymz] [restartedMain] .s.b.a.l.ConditionEvaluationReportLogger : 

Error starting ApplicationContext. To display the condition evaluation report re-run your application with 'debug' enabled.
2025-04-18T12:31:11.455+02:00 ERROR 16704 --- [Gymz] [restartedMain] o.s.boot.SpringApplication               : Application run failed

org.springframework.beans.factory.UnsatisfiedDependencyException: Error creating bean with name 'authController' defined in file [C:\Users\Wathek Mth\Desktop\Nouveau dossier (15)\Gymz\target\classes\com\example\demo\controller\AuthController.class]: Unsatisfied dependency expressed through constructor parameter 0: Error creating bean with name 'jwtTokenService': Unsatisfied dependency expressed through field 'jwtExpiration': Failed to convert value of type 'java.lang.String' to required type 'long'; For input string: "86400000#Enmillisecondes(ex.86400000=1jour)"
	at org.springframework.beans.factory.support.ConstructorResolver.createArgumentArray(ConstructorResolver.java:795) ~[spring-beans-6.1.5.jar:6.1.5]
	at org.springframework.beans.factory.support.ConstructorResolver.autowireConstructor(ConstructorResolver.java:237) ~[spring-beans-6.1.5.jar:6.1.5]
	at org.springframework.beans.factory.support.AbstractAutowireCapableBeanFactory.autowireConstructor(AbstractAutowireCapableBeanFactory.java:1355) ~[spring-beans-6.1.5.jar:6.1.5]
	at org.springframework.beans.factory.support.AbstractAutowireCapableBeanFactory.createBeanInstance(AbstractAutowireCapableBeanFactory.java:1192) ~[spring-beans-6.1.5.jar:6.1.5]
	at org.springframework.beans.factory.support.AbstractAutowireCapableBeanFactory.doCreateBean(AbstractAutowireCapableBeanFactory.java:562) ~[spring-beans-6.1.5.jar:6.1.5]
	at org.springframework.beans.factory.support.AbstractAutowireCapableBeanFactory.createBean(AbstractAutowireCapableBeanFactory.java:522) ~[spring-beans-6.1.5.jar:6.1.5]
	at org.springframework.beans.factory.support.AbstractBeanFactory.lambda$doGetBean$0(AbstractBeanFactory.java:326) ~[spring-beans-6.1.5.jar:6.1.5]
	at org.springframework.beans.factory.support.DefaultSingletonBeanRegistry.getSingleton(DefaultSingletonBeanRegistry.java:234) ~[spring-beans-6.1.5.jar:6.1.5]
	at org.springframework.beans.factory.support.AbstractBeanFactory.doGetBean(AbstractBeanFactory.java:324) ~[spring-beans-6.1.5.jar:6.1.5]
	at org.springframework.beans.factory.support.AbstractBeanFactory.getBean(AbstractBeanFactory.java:200) ~[spring-beans-6.1.5.jar:6.1.5]
	at org.springframework.beans.factory.support.DefaultListableBeanFactory.preInstantiateSingletons(DefaultListableBeanFactory.java:975) ~[spring-beans-6.1.5.jar:6.1.5]
	at org.springframework.context.support.AbstractApplicationContext.finishBeanFactoryInitialization(AbstractApplicationContext.java:962) ~[spring-context-6.1.5.jar:6.1.5]
	at org.springframework.context.support.AbstractApplicationContext.refresh(AbstractApplicationContext.java:624) ~[spring-context-6.1.5.jar:6.1.5]
	at org.springframework.boot.web.servlet.context.ServletWebServerApplicationContext.refresh(ServletWebServerApplicationContext.java:146) ~[spring-boot-3.2.4.jar:3.2.4]
	at org.springframework.boot.SpringApplication.refresh(SpringApplication.java:754) ~[spring-boot-3.2.4.jar:3.2.4]
	at org.springframework.boot.SpringApplication.refreshContext(SpringApplication.java:456) ~[spring-boot-3.2.4.jar:3.2.4]
	at org.springframework.boot.SpringApplication.run(SpringApplication.java:334) ~[spring-boot-3.2.4.jar:3.2.4]
	at org.springframework.boot.SpringApplication.run(SpringApplication.java:1354) ~[spring-boot-3.2.4.jar:3.2.4]
	at org.springframework.boot.SpringApplication.run(SpringApplication.java:1343) ~[spring-boot-3.2.4.jar:3.2.4]
	at com.example.demo.Demo4Application.main(Demo4Application.java:12) ~[classes/:na]
	at java.base/jdk.internal.reflect.DirectMethodHandleAccessor.invoke(DirectMethodHandleAccessor.java:103) ~[na:na]
	at java.base/java.lang.reflect.Method.invoke(Method.java:580) ~[na:na]
	at org.springframework.boot.devtools.restart.RestartLauncher.run(RestartLauncher.java:50) ~[spring-boot-devtools-3.2.4.jar:3.2.4]
Caused by: org.springframework.beans.factory.UnsatisfiedDependencyException: Error creating bean with name 'jwtTokenService': Unsatisfied dependency expressed through field 'jwtExpiration': Failed to convert value of type 'java.lang.String' to required type 'long'; For input string: "86400000#Enmillisecondes(ex.86400000=1jour)"
	at org.springframework.beans.factory.annotation.AutowiredAnnotationBeanPostProcessor$AutowiredFieldElement.resolveFieldValue(AutowiredAnnotationBeanPostProcessor.java:787) ~[spring-beans-6.1.5.jar:6.1.5]
	at org.springframework.beans.factory.annotation.AutowiredAnnotationBeanPostProcessor$AutowiredFieldElement.inject(AutowiredAnnotationBeanPostProcessor.java:767) ~[spring-beans-6.1.5.jar:6.1.5]
	at org.springframework.beans.factory.annotation.InjectionMetadata.inject(InjectionMetadata.java:145) ~[spring-beans-6.1.5.jar:6.1.5]
	at org.springframework.beans.factory.annotation.AutowiredAnnotationBeanPostProcessor.postProcessProperties(AutowiredAnnotationBeanPostProcessor.java:508) ~[spring-beans-6.1.5.jar:6.1.5]
	at org.springframework.beans.factory.support.AbstractAutowireCapableBeanFactory.populateBean(AbstractAutowireCapableBeanFactory.java:1419) ~[spring-beans-6.1.5.jar:6.1.5]
	at org.springframework.beans.factory.support.AbstractAutowireCapableBeanFactory.doCreateBean(AbstractAutowireCapableBeanFactory.java:599) ~[spring-beans-6.1.5.jar:6.1.5]
	at org.springframework.beans.factory.support.AbstractAutowireCapableBeanFactory.createBean(AbstractAutowireCapableBeanFactory.java:522) ~[spring-beans-6.1.5.jar:6.1.5]
	at org.springframework.beans.factory.support.AbstractBeanFactory.lambda$doGetBean$0(AbstractBeanFactory.java:326) ~[spring-beans-6.1.5.jar:6.1.5]
	at org.springframework.beans.factory.support.DefaultSingletonBeanRegistry.getSingleton(DefaultSingletonBeanRegistry.java:234) ~[spring-beans-6.1.5.jar:6.1.5]
	at org.springframework.beans.factory.support.AbstractBeanFactory.doGetBean(AbstractBeanFactory.java:324) ~[spring-beans-6.1.5.jar:6.1.5]
	at org.springframework.beans.factory.support.AbstractBeanFactory.getBean(AbstractBeanFactory.java:200) ~[spring-beans-6.1.5.jar:6.1.5]
	at org.springframework.beans.factory.config.DependencyDescriptor.resolveCandidate(DependencyDescriptor.java:254) ~[spring-beans-6.1.5.jar:6.1.5]
	at org.springframework.beans.factory.support.DefaultListableBeanFactory.doResolveDependency(DefaultListableBeanFactory.java:1443) ~[spring-beans-6.1.5.jar:6.1.5]
	at org.springframework.beans.factory.support.DefaultListableBeanFactory.resolveDependency(DefaultListableBeanFactory.java:1353) ~[spring-beans-6.1.5.jar:6.1.5]
	at org.springframework.beans.factory.support.ConstructorResolver.resolveAutowiredArgument(ConstructorResolver.java:904) ~[spring-beans-6.1.5.jar:6.1.5]
	at org.springframework.beans.factory.support.ConstructorResolver.createArgumentArray(ConstructorResolver.java:782) ~[spring-beans-6.1.5.jar:6.1.5]
	... 22 common frames omitted
Caused by: org.springframework.beans.TypeMismatchException: Failed to convert value of type 'java.lang.String' to required type 'long'; For input string: "86400000#Enmillisecondes(ex.86400000=1jour)"
	at org.springframework.beans.TypeConverterSupport.convertIfNecessary(TypeConverterSupport.java:87) ~[spring-beans-6.1.5.jar:6.1.5]
	at org.springframework.beans.TypeConverterSupport.convertIfNecessary(TypeConverterSupport.java:71) ~[spring-beans-6.1.5.jar:6.1.5]
	at org.springframework.beans.factory.support.DefaultListableBeanFactory.doResolveDependency(DefaultListableBeanFactory.java:1381) ~[spring-beans-6.1.5.jar:6.1.5]
	at org.springframework.beans.factory.support.DefaultListableBeanFactory.resolveDependency(DefaultListableBeanFactory.java:1353) ~[spring-beans-6.1.5.jar:6.1.5]
	at org.springframework.beans.factory.annotation.AutowiredAnnotationBeanPostProcessor$AutowiredFieldElement.resolveFieldValue(AutowiredAnnotationBeanPostProcessor.java:784) ~[spring-beans-6.1.5.jar:6.1.5]
	... 37 common frames omitted
Caused by: java.lang.NumberFormatException: For input string: "86400000#Enmillisecondes(ex.86400000=1jour)"
	at java.base/java.lang.NumberFormatException.forInputString(NumberFormatException.java:67) ~[na:na]
	at java.base/java.lang.Long.parseLong(Long.java:618) ~[na:na]
	at java.base/java.lang.Long.valueOf(Long.java:974) ~[na:na]
	at org.springframework.util.NumberUtils.parseNumber(NumberUtils.java:206) ~[spring-core-6.1.5.jar:6.1.5]
	at org.springframework.beans.propertyeditors.CustomNumberEditor.setAsText(CustomNumberEditor.java:115) ~[spring-beans-6.1.5.jar:6.1.5]
	at org.springframework.beans.TypeConverterDelegate.doConvertTextValue(TypeConverterDelegate.java:439) ~[spring-beans-6.1.5.jar:6.1.5]
	at org.springframework.beans.TypeConverterDelegate.doConvertValue(TypeConverterDelegate.java:412) ~[spring-beans-6.1.5.jar:6.1.5]
	at org.springframework.beans.TypeConverterDelegate.convertIfNecessary(TypeConverterDelegate.java:161) ~[spring-beans-6.1.5.jar:6.1.5]
	at org.springframework.beans.TypeConverterSupport.convertIfNecessary(TypeConverterSupport.java:80) ~[spring-beans-6.1.5.jar:6.1.5]
	... 41 common frames omitted

2025-04-18T12:31:27.313+02:00  INFO 22260 --- [Gymz] [restartedMain] com.example.demo.Demo4Application        : Starting Demo4Application using Java 23.0.1 with PID 22260 (C:\Users\Wathek Mth\Desktop\Nouveau dossier (15)\Gymz\target\classes started by Wathek Mth in C:\Users\Wathek Mth\Desktop\Nouveau dossier (15)\Gymz)
2025-04-18T12:31:27.315+02:00 DEBUG 22260 --- [Gymz] [restartedMain] com.example.demo.Demo4Application        : Running with Spring Boot v3.2.4, Spring v6.1.5
2025-04-18T12:31:27.315+02:00  INFO 22260 --- [Gymz] [restartedMain] com.example.demo.Demo4Application        : The following 1 profile is active: "dev"
2025-04-18T12:31:27.383+02:00  INFO 22260 --- [Gymz] [restartedMain] .e.DevToolsPropertyDefaultsPostProcessor : Devtools property defaults active! Set 'spring.devtools.add-properties' to 'false' to disable
2025-04-18T12:31:27.383+02:00  INFO 22260 --- [Gymz] [restartedMain] .e.DevToolsPropertyDefaultsPostProcessor : For additional web related logging consider setting the 'logging.level.web' property to 'DEBUG'
2025-04-18T12:31:28.210+02:00  INFO 22260 --- [Gymz] [restartedMain] .s.d.r.c.RepositoryConfigurationDelegate : Bootstrapping Spring Data JPA repositories in DEFAULT mode.
2025-04-18T12:31:28.312+02:00  INFO 22260 --- [Gymz] [restartedMain] .s.d.r.c.RepositoryConfigurationDelegate : Finished Spring Data repository scanning in 94 ms. Found 15 JPA repository interfaces.
2025-04-18T12:31:28.965+02:00  INFO 22260 --- [Gymz] [restartedMain] o.s.b.w.embedded.tomcat.TomcatWebServer  : Tomcat initialized with port 8082 (http)
2025-04-18T12:31:28.975+02:00  INFO 22260 --- [Gymz] [restartedMain] o.apache.catalina.core.StandardService   : Starting service [Tomcat]
2025-04-18T12:31:28.975+02:00  INFO 22260 --- [Gymz] [restartedMain] o.apache.catalina.core.StandardEngine    : Starting Servlet engine: [Apache Tomcat/10.1.19]
2025-04-18T12:31:29.021+02:00  INFO 22260 --- [Gymz] [restartedMain] o.a.c.c.C.[Tomcat].[localhost].[/]       : Initializing Spring embedded WebApplicationContext
2025-04-18T12:31:29.021+02:00  INFO 22260 --- [Gymz] [restartedMain] w.s.c.ServletWebServerApplicationContext : Root WebApplicationContext: initialization completed in 1638 ms
2025-04-18T12:31:29.163+02:00 DEBUG 22260 --- [Gymz] [restartedMain] j.LocalContainerEntityManagerFactoryBean : Building JPA container EntityManagerFactory for persistence unit 'default'
2025-04-18T12:31:29.189+02:00  INFO 22260 --- [Gymz] [restartedMain] o.hibernate.jpa.internal.util.LogHelper  : HHH000204: Processing PersistenceUnitInfo [name: default]
2025-04-18T12:31:29.297+02:00  INFO 22260 --- [Gymz] [restartedMain] org.hibernate.Version                    : HHH000412: Hibernate ORM core version 6.4.4.Final
2025-04-18T12:31:29.360+02:00  INFO 22260 --- [Gymz] [restartedMain] o.h.c.internal.RegionFactoryInitiator    : HHH000026: Second-level cache disabled
2025-04-18T12:31:29.736+02:00  INFO 22260 --- [Gymz] [restartedMain] o.s.o.j.p.SpringPersistenceUnitInfo      : No LoadTimeWeaver setup: ignoring JPA class transformer
2025-04-18T12:31:29.767+02:00  INFO 22260 --- [Gymz] [restartedMain] com.zaxxer.hikari.HikariDataSource       : HikariPool-1 - Starting...
2025-04-18T12:31:29.922+02:00  INFO 22260 --- [Gymz] [restartedMain] com.zaxxer.hikari.pool.HikariPool        : HikariPool-1 - Added connection com.mysql.cj.jdbc.ConnectionImpl@6983518a
2025-04-18T12:31:29.924+02:00  INFO 22260 --- [Gymz] [restartedMain] com.zaxxer.hikari.HikariDataSource       : HikariPool-1 - Start completed.
2025-04-18T12:31:29.955+02:00  WARN 22260 --- [Gymz] [restartedMain] org.hibernate.orm.deprecation            : HHH90000025: MySQL8Dialect does not need to be specified explicitly using 'hibernate.dialect' (remove the property setting and it will be selected by default)
2025-04-18T12:31:29.957+02:00  WARN 22260 --- [Gymz] [restartedMain] org.hibernate.orm.deprecation            : HHH90000026: MySQL8Dialect has been deprecated; use org.hibernate.dialect.MySQLDialect instead
2025-04-18T12:31:31.453+02:00  INFO 22260 --- [Gymz] [restartedMain] o.h.e.t.j.p.i.JtaPlatformInitiator       : HHH000489: No JTA platform available (set 'hibernate.transaction.jta.platform' to enable JTA platform integration)
2025-04-18T12:31:31.649+02:00  INFO 22260 --- [Gymz] [restartedMain] j.LocalContainerEntityManagerFactoryBean : Initialized JPA EntityManagerFactory for persistence unit 'default'
2025-04-18T12:31:31.752+02:00 DEBUG 22260 --- [Gymz] [restartedMain] tor$SharedEntityManagerInvocationHandler : Creating new EntityManager for shared EntityManager invocation
2025-04-18T12:31:31.782+02:00 DEBUG 22260 --- [Gymz] [restartedMain] tor$SharedEntityManagerInvocationHandler : Creating new EntityManager for shared EntityManager invocation
2025-04-18T12:31:31.889+02:00 DEBUG 22260 --- [Gymz] [restartedMain] tor$SharedEntityManagerInvocationHandler : Creating new EntityManager for shared EntityManager invocation
2025-04-18T12:31:31.946+02:00 DEBUG 22260 --- [Gymz] [restartedMain] tor$SharedEntityManagerInvocationHandler : Creating new EntityManager for shared EntityManager invocation
2025-04-18T12:31:32.016+02:00 DEBUG 22260 --- [Gymz] [restartedMain] tor$SharedEntityManagerInvocationHandler : Creating new EntityManager for shared EntityManager invocation
2025-04-18T12:31:32.019+02:00 DEBUG 22260 --- [Gymz] [restartedMain] tor$SharedEntityManagerInvocationHandler : Creating new EntityManager for shared EntityManager invocation
2025-04-18T12:31:32.024+02:00 DEBUG 22260 --- [Gymz] [restartedMain] tor$SharedEntityManagerInvocationHandler : Creating new EntityManager for shared EntityManager invocation
2025-04-18T12:31:32.030+02:00 DEBUG 22260 --- [Gymz] [restartedMain] tor$SharedEntityManagerInvocationHandler : Creating new EntityManager for shared EntityManager invocation
2025-04-18T12:31:32.043+02:00 DEBUG 22260 --- [Gymz] [restartedMain] tor$SharedEntityManagerInvocationHandler : Creating new EntityManager for shared EntityManager invocation
2025-04-18T12:31:32.044+02:00 DEBUG 22260 --- [Gymz] [restartedMain] tor$SharedEntityManagerInvocationHandler : Creating new EntityManager for shared EntityManager invocation
2025-04-18T12:31:32.082+02:00 DEBUG 22260 --- [Gymz] [restartedMain] tor$SharedEntityManagerInvocationHandler : Creating new EntityManager for shared EntityManager invocation
2025-04-18T12:31:32.084+02:00 DEBUG 22260 --- [Gymz] [restartedMain] tor$SharedEntityManagerInvocationHandler : Creating new EntityManager for shared EntityManager invocation
2025-04-18T12:31:32.085+02:00 DEBUG 22260 --- [Gymz] [restartedMain] tor$SharedEntityManagerInvocationHandler : Creating new EntityManager for shared EntityManager invocation
2025-04-18T12:31:32.096+02:00  INFO 22260 --- [Gymz] [restartedMain] o.s.d.j.r.query.QueryEnhancerFactory     : Hibernate is in classpath; If applicable, HQL parser will be used.
2025-04-18T12:31:32.269+02:00 DEBUG 22260 --- [Gymz] [restartedMain] tor$SharedEntityManagerInvocationHandler : Creating new EntityManager for shared EntityManager invocation
2025-04-18T12:31:32.499+02:00 DEBUG 22260 --- [Gymz] [restartedMain] tor$SharedEntityManagerInvocationHandler : Creating new EntityManager for shared EntityManager invocation
2025-04-18T12:31:32.501+02:00 DEBUG 22260 --- [Gymz] [restartedMain] tor$SharedEntityManagerInvocationHandler : Creating new EntityManager for shared EntityManager invocation
2025-04-18T12:31:32.502+02:00 DEBUG 22260 --- [Gymz] [restartedMain] tor$SharedEntityManagerInvocationHandler : Creating new EntityManager for shared EntityManager invocation
2025-04-18T12:31:32.553+02:00 DEBUG 22260 --- [Gymz] [restartedMain] tor$SharedEntityManagerInvocationHandler : Creating new EntityManager for shared EntityManager invocation
2025-04-18T12:31:32.554+02:00 DEBUG 22260 --- [Gymz] [restartedMain] tor$SharedEntityManagerInvocationHandler : Creating new EntityManager for shared EntityManager invocation
2025-04-18T12:31:32.572+02:00 DEBUG 22260 --- [Gymz] [restartedMain] tor$SharedEntityManagerInvocationHandler : Creating new EntityManager for shared EntityManager invocation
2025-04-18T12:31:32.574+02:00 DEBUG 22260 --- [Gymz] [restartedMain] tor$SharedEntityManagerInvocationHandler : Creating new EntityManager for shared EntityManager invocation
2025-04-18T12:31:32.575+02:00 DEBUG 22260 --- [Gymz] [restartedMain] tor$SharedEntityManagerInvocationHandler : Creating new EntityManager for shared EntityManager invocation
2025-04-18T12:31:32.585+02:00 DEBUG 22260 --- [Gymz] [restartedMain] tor$SharedEntityManagerInvocationHandler : Creating new EntityManager for shared EntityManager invocation
2025-04-18T12:31:32.589+02:00 DEBUG 22260 --- [Gymz] [restartedMain] tor$SharedEntityManagerInvocationHandler : Creating new EntityManager for shared EntityManager invocation
2025-04-18T12:31:32.616+02:00 DEBUG 22260 --- [Gymz] [restartedMain] tor$SharedEntityManagerInvocationHandler : Creating new EntityManager for shared EntityManager invocation
2025-04-18T12:31:32.622+02:00 DEBUG 22260 --- [Gymz] [restartedMain] tor$SharedEntityManagerInvocationHandler : Creating new EntityManager for shared EntityManager invocation
2025-04-18T12:31:32.623+02:00 DEBUG 22260 --- [Gymz] [restartedMain] tor$SharedEntityManagerInvocationHandler : Creating new EntityManager for shared EntityManager invocation
2025-04-18T12:31:32.624+02:00 DEBUG 22260 --- [Gymz] [restartedMain] tor$SharedEntityManagerInvocationHandler : Creating new EntityManager for shared EntityManager invocation
2025-04-18T12:31:32.645+02:00 DEBUG 22260 --- [Gymz] [restartedMain] tor$SharedEntityManagerInvocationHandler : Creating new EntityManager for shared EntityManager invocation
2025-04-18T12:31:32.713+02:00 DEBUG 22260 --- [Gymz] [restartedMain] tor$SharedEntityManagerInvocationHandler : Creating new EntityManager for shared EntityManager invocation
2025-04-18T12:31:32.716+02:00 DEBUG 22260 --- [Gymz] [restartedMain] tor$SharedEntityManagerInvocationHandler : Creating new EntityManager for shared EntityManager invocation
2025-04-18T12:31:32.737+02:00 DEBUG 22260 --- [Gymz] [restartedMain] tor$SharedEntityManagerInvocationHandler : Creating new EntityManager for shared EntityManager invocation
2025-04-18T12:31:32.738+02:00 DEBUG 22260 --- [Gymz] [restartedMain] tor$SharedEntityManagerInvocationHandler : Creating new EntityManager for shared EntityManager invocation
2025-04-18T12:31:32.768+02:00 DEBUG 22260 --- [Gymz] [restartedMain] tor$SharedEntityManagerInvocationHandler : Creating new EntityManager for shared EntityManager invocation
2025-04-18T12:31:32.770+02:00 DEBUG 22260 --- [Gymz] [restartedMain] tor$SharedEntityManagerInvocationHandler : Creating new EntityManager for shared EntityManager invocation
2025-04-18T12:31:32.773+02:00 DEBUG 22260 --- [Gymz] [restartedMain] tor$SharedEntityManagerInvocationHandler : Creating new EntityManager for shared EntityManager invocation
2025-04-18T12:31:32.777+02:00 DEBUG 22260 --- [Gymz] [restartedMain] tor$SharedEntityManagerInvocationHandler : Creating new EntityManager for shared EntityManager invocation
2025-04-18T12:31:32.779+02:00 DEBUG 22260 --- [Gymz] [restartedMain] tor$SharedEntityManagerInvocationHandler : Creating new EntityManager for shared EntityManager invocation
2025-04-18T12:31:32.781+02:00 DEBUG 22260 --- [Gymz] [restartedMain] tor$SharedEntityManagerInvocationHandler : Creating new EntityManager for shared EntityManager invocation
2025-04-18T12:31:32.783+02:00 DEBUG 22260 --- [Gymz] [restartedMain] tor$SharedEntityManagerInvocationHandler : Creating new EntityManager for shared EntityManager invocation
2025-04-18T12:31:32.813+02:00 DEBUG 22260 --- [Gymz] [restartedMain] tor$SharedEntityManagerInvocationHandler : Creating new EntityManager for shared EntityManager invocation
2025-04-18T12:31:32.886+02:00 DEBUG 22260 --- [Gymz] [restartedMain] tor$SharedEntityManagerInvocationHandler : Creating new EntityManager for shared EntityManager invocation
2025-04-18T12:31:32.887+02:00 DEBUG 22260 --- [Gymz] [restartedMain] tor$SharedEntityManagerInvocationHandler : Creating new EntityManager for shared EntityManager invocation
2025-04-18T12:31:32.913+02:00 DEBUG 22260 --- [Gymz] [restartedMain] tor$SharedEntityManagerInvocationHandler : Creating new EntityManager for shared EntityManager invocation
2025-04-18T12:31:32.916+02:00 DEBUG 22260 --- [Gymz] [restartedMain] tor$SharedEntityManagerInvocationHandler : Creating new EntityManager for shared EntityManager invocation
2025-04-18T12:31:32.918+02:00 DEBUG 22260 --- [Gymz] [restartedMain] tor$SharedEntityManagerInvocationHandler : Creating new EntityManager for shared EntityManager invocation
2025-04-18T12:31:32.922+02:00 DEBUG 22260 --- [Gymz] [restartedMain] tor$SharedEntityManagerInvocationHandler : Creating new EntityManager for shared EntityManager invocation
2025-04-18T12:31:32.925+02:00 DEBUG 22260 --- [Gymz] [restartedMain] tor$SharedEntityManagerInvocationHandler : Creating new EntityManager for shared EntityManager invocation
2025-04-18T12:31:32.928+02:00 DEBUG 22260 --- [Gymz] [restartedMain] tor$SharedEntityManagerInvocationHandler : Creating new EntityManager for shared EntityManager invocation
2025-04-18T12:31:32.942+02:00 DEBUG 22260 --- [Gymz] [restartedMain] tor$SharedEntityManagerInvocationHandler : Creating new EntityManager for shared EntityManager invocation
2025-04-18T12:31:32.944+02:00 DEBUG 22260 --- [Gymz] [restartedMain] tor$SharedEntityManagerInvocationHandler : Creating new EntityManager for shared EntityManager invocation
2025-04-18T12:31:32.986+02:00 DEBUG 22260 --- [Gymz] [restartedMain] tor$SharedEntityManagerInvocationHandler : Creating new EntityManager for shared EntityManager invocation
2025-04-18T12:31:32.988+02:00 DEBUG 22260 --- [Gymz] [restartedMain] tor$SharedEntityManagerInvocationHandler : Creating new EntityManager for shared EntityManager invocation
2025-04-18T12:31:32.990+02:00 DEBUG 22260 --- [Gymz] [restartedMain] tor$SharedEntityManagerInvocationHandler : Creating new EntityManager for shared EntityManager invocation
2025-04-18T12:31:32.991+02:00 DEBUG 22260 --- [Gymz] [restartedMain] tor$SharedEntityManagerInvocationHandler : Creating new EntityManager for shared EntityManager invocation
2025-04-18T12:31:32.993+02:00 DEBUG 22260 --- [Gymz] [restartedMain] tor$SharedEntityManagerInvocationHandler : Creating new EntityManager for shared EntityManager invocation
2025-04-18T12:31:33.006+02:00 DEBUG 22260 --- [Gymz] [restartedMain] tor$SharedEntityManagerInvocationHandler : Creating new EntityManager for shared EntityManager invocation
2025-04-18T12:31:33.007+02:00 DEBUG 22260 --- [Gymz] [restartedMain] tor$SharedEntityManagerInvocationHandler : Creating new EntityManager for shared EntityManager invocation
2025-04-18T12:31:33.037+02:00 DEBUG 22260 --- [Gymz] [restartedMain] tor$SharedEntityManagerInvocationHandler : Creating new EntityManager for shared EntityManager invocation
2025-04-18T12:31:33.038+02:00 DEBUG 22260 --- [Gymz] [restartedMain] tor$SharedEntityManagerInvocationHandler : Creating new EntityManager for shared EntityManager invocation
2025-04-18T12:31:33.039+02:00 DEBUG 22260 --- [Gymz] [restartedMain] tor$SharedEntityManagerInvocationHandler : Creating new EntityManager for shared EntityManager invocation
2025-04-18T12:31:33.040+02:00 DEBUG 22260 --- [Gymz] [restartedMain] tor$SharedEntityManagerInvocationHandler : Creating new EntityManager for shared EntityManager invocation
2025-04-18T12:31:33.041+02:00 DEBUG 22260 --- [Gymz] [restartedMain] tor$SharedEntityManagerInvocationHandler : Creating new EntityManager for shared EntityManager invocation
2025-04-18T12:31:33.042+02:00 DEBUG 22260 --- [Gymz] [restartedMain] tor$SharedEntityManagerInvocationHandler : Creating new EntityManager for shared EntityManager invocation
2025-04-18T12:31:33.044+02:00 DEBUG 22260 --- [Gymz] [restartedMain] tor$SharedEntityManagerInvocationHandler : Creating new EntityManager for shared EntityManager invocation
2025-04-18T12:31:33.045+02:00 DEBUG 22260 --- [Gymz] [restartedMain] tor$SharedEntityManagerInvocationHandler : Creating new EntityManager for shared EntityManager invocation
2025-04-18T12:31:33.046+02:00 DEBUG 22260 --- [Gymz] [restartedMain] tor$SharedEntityManagerInvocationHandler : Creating new EntityManager for shared EntityManager invocation
2025-04-18T12:31:33.047+02:00 DEBUG 22260 --- [Gymz] [restartedMain] tor$SharedEntityManagerInvocationHandler : Creating new EntityManager for shared EntityManager invocation
2025-04-18T12:31:33.076+02:00 DEBUG 22260 --- [Gymz] [restartedMain] tor$SharedEntityManagerInvocationHandler : Creating new EntityManager for shared EntityManager invocation
2025-04-18T12:31:33.080+02:00 DEBUG 22260 --- [Gymz] [restartedMain] tor$SharedEntityManagerInvocationHandler : Creating new EntityManager for shared EntityManager invocation
2025-04-18T12:31:33.095+02:00 DEBUG 22260 --- [Gymz] [restartedMain] tor$SharedEntityManagerInvocationHandler : Creating new EntityManager for shared EntityManager invocation
2025-04-18T12:31:33.096+02:00 DEBUG 22260 --- [Gymz] [restartedMain] tor$SharedEntityManagerInvocationHandler : Creating new EntityManager for shared EntityManager invocation
2025-04-18T12:31:33.104+02:00 DEBUG 22260 --- [Gymz] [restartedMain] tor$SharedEntityManagerInvocationHandler : Creating new EntityManager for shared EntityManager invocation
2025-04-18T12:31:33.106+02:00 DEBUG 22260 --- [Gymz] [restartedMain] tor$SharedEntityManagerInvocationHandler : Creating new EntityManager for shared EntityManager invocation
2025-04-18T12:31:33.120+02:00 DEBUG 22260 --- [Gymz] [restartedMain] tor$SharedEntityManagerInvocationHandler : Creating new EntityManager for shared EntityManager invocation
2025-04-18T12:31:33.121+02:00 DEBUG 22260 --- [Gymz] [restartedMain] tor$SharedEntityManagerInvocationHandler : Creating new EntityManager for shared EntityManager invocation
2025-04-18T12:31:33.123+02:00 DEBUG 22260 --- [Gymz] [restartedMain] tor$SharedEntityManagerInvocationHandler : Creating new EntityManager for shared EntityManager invocation
2025-04-18T12:31:33.145+02:00 DEBUG 22260 --- [Gymz] [restartedMain] tor$SharedEntityManagerInvocationHandler : Creating new EntityManager for shared EntityManager invocation
2025-04-18T12:31:33.149+02:00 DEBUG 22260 --- [Gymz] [restartedMain] tor$SharedEntityManagerInvocationHandler : Creating new EntityManager for shared EntityManager invocation
2025-04-18T12:31:33.168+02:00 DEBUG 22260 --- [Gymz] [restartedMain] tor$SharedEntityManagerInvocationHandler : Creating new EntityManager for shared EntityManager invocation
2025-04-18T12:31:33.169+02:00 DEBUG 22260 --- [Gymz] [restartedMain] tor$SharedEntityManagerInvocationHandler : Creating new EntityManager for shared EntityManager invocation
2025-04-18T12:31:33.170+02:00 DEBUG 22260 --- [Gymz] [restartedMain] tor$SharedEntityManagerInvocationHandler : Creating new EntityManager for shared EntityManager invocation
2025-04-18T12:31:33.171+02:00 DEBUG 22260 --- [Gymz] [restartedMain] tor$SharedEntityManagerInvocationHandler : Creating new EntityManager for shared EntityManager invocation
2025-04-18T12:31:33.173+02:00 DEBUG 22260 --- [Gymz] [restartedMain] tor$SharedEntityManagerInvocationHandler : Creating new EntityManager for shared EntityManager invocation
2025-04-18T12:31:33.189+02:00 DEBUG 22260 --- [Gymz] [restartedMain] tor$SharedEntityManagerInvocationHandler : Creating new EntityManager for shared EntityManager invocation
2025-04-18T12:31:33.194+02:00 DEBUG 22260 --- [Gymz] [restartedMain] tor$SharedEntityManagerInvocationHandler : Creating new EntityManager for shared EntityManager invocation
2025-04-18T12:31:33.206+02:00 DEBUG 22260 --- [Gymz] [restartedMain] tor$SharedEntityManagerInvocationHandler : Creating new EntityManager for shared EntityManager invocation
2025-04-18T12:31:33.226+02:00 DEBUG 22260 --- [Gymz] [restartedMain] tor$SharedEntityManagerInvocationHandler : Creating new EntityManager for shared EntityManager invocation
2025-04-18T12:31:33.232+02:00 DEBUG 22260 --- [Gymz] [restartedMain] tor$SharedEntityManagerInvocationHandler : Creating new EntityManager for shared EntityManager invocation
2025-04-18T12:31:33.246+02:00 DEBUG 22260 --- [Gymz] [restartedMain] tor$SharedEntityManagerInvocationHandler : Creating new EntityManager for shared EntityManager invocation
2025-04-18T12:31:33.250+02:00 DEBUG 22260 --- [Gymz] [restartedMain] tor$SharedEntityManagerInvocationHandler : Creating new EntityManager for shared EntityManager invocation
2025-04-18T12:31:33.264+02:00 DEBUG 22260 --- [Gymz] [restartedMain] tor$SharedEntityManagerInvocationHandler : Creating new EntityManager for shared EntityManager invocation
2025-04-18T12:31:33.267+02:00 DEBUG 22260 --- [Gymz] [restartedMain] tor$SharedEntityManagerInvocationHandler : Creating new EntityManager for shared EntityManager invocation
2025-04-18T12:31:33.280+02:00 DEBUG 22260 --- [Gymz] [restartedMain] tor$SharedEntityManagerInvocationHandler : Creating new EntityManager for shared EntityManager invocation
2025-04-18T12:31:33.281+02:00 DEBUG 22260 --- [Gymz] [restartedMain] tor$SharedEntityManagerInvocationHandler : Creating new EntityManager for shared EntityManager invocation
2025-04-18T12:31:33.292+02:00 DEBUG 22260 --- [Gymz] [restartedMain] tor$SharedEntityManagerInvocationHandler : Creating new EntityManager for shared EntityManager invocation
2025-04-18T12:31:33.296+02:00 DEBUG 22260 --- [Gymz] [restartedMain] tor$SharedEntityManagerInvocationHandler : Creating new EntityManager for shared EntityManager invocation
2025-04-18T12:31:33.307+02:00 DEBUG 22260 --- [Gymz] [restartedMain] tor$SharedEntityManagerInvocationHandler : Creating new EntityManager for shared EntityManager invocation
2025-04-18T12:31:33.390+02:00  WARN 22260 --- [Gymz] [restartedMain] JpaBaseConfiguration$JpaWebConfiguration : spring.jpa.open-in-view is enabled by default. Therefore, database queries may be performed during view rendering. Explicitly configure spring.jpa.open-in-view to disable this warning
2025-04-18T12:31:33.419+02:00  WARN 22260 --- [Gymz] [restartedMain] .s.s.UserDetailsServiceAutoConfiguration : 

Using generated security password: 805d7fde-3f21-4dc8-902b-594c1e2fdf4d

This generated password is for development use only. Your security configuration must be updated before running your application in production.

2025-04-18T12:31:33.796+02:00 DEBUG 22260 --- [Gymz] [restartedMain] edFilterInvocationSecurityMetadataSource : Adding web access control expression [permitAll] for Mvc [pattern='/**']
2025-04-18T12:31:33.813+02:00 DEBUG 22260 --- [Gymz] [restartedMain] edFilterInvocationSecurityMetadataSource : Adding web access control expression [permitAll] for any request
2025-04-18T12:31:33.824+02:00  INFO 22260 --- [Gymz] [restartedMain] o.s.s.web.DefaultSecurityFilterChain     : Will secure any request with [org.springframework.security.web.session.DisableEncodeUrlFilter@94b21ee, org.springframework.security.web.context.request.async.WebAsyncManagerIntegrationFilter@4a56d80c, org.springframework.security.web.context.SecurityContextHolderFilter@7ecf995e, org.springframework.security.web.header.HeaderWriterFilter@724ce3ce, org.springframework.web.filter.CorsFilter@2e1b803e, org.springframework.security.web.authentication.logout.LogoutFilter@88bab5f, org.springframework.security.web.savedrequest.RequestCacheAwareFilter@22ae40fa, org.springframework.security.web.servletapi.SecurityContextHolderAwareRequestFilter@7afcaa37, org.springframework.security.web.authentication.AnonymousAuthenticationFilter@5dc88e75, org.springframework.security.web.access.ExceptionTranslationFilter@73d30afa, org.springframework.security.web.access.intercept.FilterSecurityInterceptor@799f5a4d]
2025-04-18T12:31:34.094+02:00  INFO 22260 --- [Gymz] [restartedMain] o.s.b.d.a.OptionalLiveReloadServer       : LiveReload server is running on port 35729
2025-04-18T12:31:34.129+02:00  INFO 22260 --- [Gymz] [restartedMain] o.s.b.w.embedded.tomcat.TomcatWebServer  : Tomcat started on port 8082 (http) with context path ''
2025-04-18T12:31:34.139+02:00  INFO 22260 --- [Gymz] [restartedMain] com.example.demo.Demo4Application        : Started Demo4Application in 7.275 seconds (process running for 8.229)
2025-04-18T12:31:47.273+02:00  INFO 22260 --- [Gymz] [http-nio-8082-exec-1] o.a.c.c.C.[Tomcat].[localhost].[/]       : Initializing Spring DispatcherServlet 'dispatcherServlet'
2025-04-18T12:31:47.273+02:00  INFO 22260 --- [Gymz] [http-nio-8082-exec-1] o.s.web.servlet.DispatcherServlet        : Initializing Servlet 'dispatcherServlet'
2025-04-18T12:31:47.275+02:00  INFO 22260 --- [Gymz] [http-nio-8082-exec-1] o.s.web.servlet.DispatcherServlet        : Completed initialization in 2 ms
2025-04-18T12:31:47.290+02:00 DEBUG 22260 --- [Gymz] [http-nio-8082-exec-1] o.s.security.web.FilterChainProxy        : Securing GET /api/auth/gyms
2025-04-18T12:31:47.298+02:00 DEBUG 22260 --- [Gymz] [http-nio-8082-exec-1] o.s.s.w.a.AnonymousAuthenticationFilter  : Set SecurityContextHolder to anonymous SecurityContext
2025-04-18T12:31:47.303+02:00 DEBUG 22260 --- [Gymz] [http-nio-8082-exec-1] o.s.s.w.a.i.FilterSecurityInterceptor    : Authorized filter invocation [GET /api/auth/gyms] with attributes [permitAll]
2025-04-18T12:31:47.304+02:00 DEBUG 22260 --- [Gymz] [http-nio-8082-exec-1] o.s.security.web.FilterChainProxy        : Secured GET /api/auth/gyms
2025-04-18T12:31:47.308+02:00 DEBUG 22260 --- [Gymz] [http-nio-8082-exec-1] o.j.s.OpenEntityManagerInViewInterceptor : Opening JPA EntityManager in OpenEntityManagerInViewInterceptor
2025-04-18T12:31:47.320+02:00 DEBUG 22260 --- [Gymz] [http-nio-8082-exec-1] o.s.orm.jpa.JpaTransactionManager        : Found thread-bound EntityManager [SessionImpl(1581793690<open>)] for JPA transaction
2025-04-18T12:31:47.320+02:00 DEBUG 22260 --- [Gymz] [http-nio-8082-exec-1] o.s.orm.jpa.JpaTransactionManager        : Creating new transaction with name [com.example.demo.service.UserService.getAllGyms]: PROPAGATION_REQUIRED,ISOLATION_DEFAULT
2025-04-18T12:31:47.321+02:00 DEBUG 22260 --- [Gymz] [http-nio-8082-exec-1] o.h.e.t.internal.TransactionImpl         : On TransactionImpl creation, JpaCompliance#isJpaTransactionComplianceEnabled == false
2025-04-18T12:31:47.321+02:00 DEBUG 22260 --- [Gymz] [http-nio-8082-exec-1] o.h.e.t.internal.TransactionImpl         : begin
2025-04-18T12:31:47.324+02:00 DEBUG 22260 --- [Gymz] [http-nio-8082-exec-1] o.s.orm.jpa.JpaTransactionManager        : Exposing JPA transaction as JDBC [org.springframework.orm.jpa.vendor.HibernateJpaDialect$HibernateConnectionHandle@5ea41638]
2025-04-18T12:31:47.416+02:00 DEBUG 22260 --- [Gymz] [http-nio-8082-exec-1] org.hibernate.SQL                        : 
    select
        u1_0.id,
        u1_0.address,
        u1_0.bio,
        u1_0.birth_date,
        u1_0.certifications,
        u1_0.competences_generales,
        u1_0.cours_specifiques,
        u1_0.disciplines,
        u1_0.duree_experience,
        u1_0.duree_seance,
        u1_0.email,
        u1_0.entrainement_physique,
        u1_0.experiences_professionnelles,
        u1_0.fb,
        u1_0.first_name,
        u1_0.insta,
        u1_0.niveau_cours,
        u1_0.lastname,
        u1_0.phone_number,
        u1_0.photo,
        u1_0.poste,
        u1_0.prix_seance,
        u1_0.role,
        u1_0.sante_et_bien_etre,
        u1_0.temp_phone_number,
        u1_0.tiktok,
        u1_0.type_coaching,
        u1_0.verification_code,
        u1_0.verified 
    from
        user u1_0 
    where
        u1_0.role=?
2025-04-18T12:31:47.536+02:00 DEBUG 22260 --- [Gymz] [http-nio-8082-exec-1] o.s.orm.jpa.JpaTransactionManager        : Initiating transaction commit
2025-04-18T12:31:47.537+02:00 DEBUG 22260 --- [Gymz] [http-nio-8082-exec-1] o.s.orm.jpa.JpaTransactionManager        : Committing JPA transaction on EntityManager [SessionImpl(1581793690<open>)]
2025-04-18T12:31:47.537+02:00 DEBUG 22260 --- [Gymz] [http-nio-8082-exec-1] o.h.e.t.internal.TransactionImpl         : committing
2025-04-18T12:31:47.557+02:00 DEBUG 22260 --- [Gymz] [http-nio-8082-exec-1] o.s.orm.jpa.JpaTransactionManager        : Not closing pre-bound JPA EntityManager after transaction
2025-04-18T12:31:47.649+02:00 DEBUG 22260 --- [Gymz] [http-nio-8082-exec-1] o.j.s.OpenEntityManagerInViewInterceptor : Closing JPA EntityManager in OpenEntityManagerInViewInterceptor
2025-04-18T14:44:30.222+02:00  WARN 22260 --- [Gymz] [HikariPool-1 housekeeper] com.zaxxer.hikari.pool.HikariPool        : HikariPool-1 - Thread starvation or clock leap detected (housekeeper delta=1h56m29s937ms263µs700ns).
